"","title","point","review"
"1","분노의 질주: 홉스&쇼","10","분노의 질주: 홉스&쇼남주여주 다 매력터짐 ㅋㅋ "
"2","브링 더 소울 : 더 무비","10","브링 더 소울 : 더 무비똥 싸지마! ㅋㅋㅋ 내 머리에 똥 쌌어 "
"3","봉오동 전투","10","봉오동 전투광복절에 봐서 더 뜻깊은 영화,,대한 독립 만세 "
"4","분노의 질주: 홉스&쇼","10","분노의 질주: 홉스&쇼최근 나온 영화중에 오래간만에 재밌게 봤네용 ㅎㅎㅎㅎ "
"5","분노의 질주: 홉스&쇼","10","분노의 질주: 홉스&쇼액션이 화려하고.. 재밌어요ㅋㅋㅋ 꿀잼 "
"6","봉오동 전투","1","봉오동 전투역겨운 한국영화 평점알바들 "
"7","분노의 질주: 홉스&쇼","10","분노의 질주: 홉스&쇼쿠키영상도 있으니까 꼭 끝까지 보고 나오세요! "
"8","백설공주와 일곱 난쟁이","10","백설공주와 일곱 난쟁이따뜻한 작화와 러블리한 캐릭터들 덕분에 볼 때마다 기분이 좋아지는 최고의 영화! "
"9","어린 처형 2","10","어린 처형 2새로운 얼굴이 두 명씩이나 ~~ "
"10","엑시트","1","엑시트평점알바 들끓는 역겨운 한국영화 "
"11","분노의 질주: 홉스&쇼","10","분노의 질주: 홉스&쇼최고 내스타일임 ㅎㅎ 몰입도 좋습니다 "
"12","분노의 질주: 홉스&쇼","6","분노의 질주: 홉스&쇼쓰잘때기없는 말장난, 드립이 너무 많다. 왕좌의게임 엔딩 드립칠때 알아듣는사람 몇명이나될까? 5프로나될까? "
"13","나랏말싸미","1","나랏말싸미역사를 이런식으로... "
"14","월드 트레이드 센터","10","월드 트레이드 센터평점이 왜 저모양이야... ㅜㅜ "
"15","봉오동 전투","10","봉오동 전투뭔가 암살 초반에 전지현이 일본군이랑 붙은장면을 영화한느낌인데 여태 봉오동전투 하면 홍범도 장군님만 알았는데 수많은 독립군들의 희생으로 승리한 전쟁인걸 깨닫게해주는 영화 "
"16","눈길","1","눈길아니 말이 되냐. 그 소녀들이 거기 끌려가서 얼마나 무서웠겠냐고. 근데 성병이 낫지 않아서 일본군한테 끌려가는데 친구들한테 웃으면서 손장난?? 이렇게 밝은 소녀가 스러졌다.. 라는 걸 말하고 싶은건가??? 연출 도무지 이해할 수가 없다 "
"17","분노의 질주: 홉스&쇼","10","분노의 질주: 홉스&쇼올해 여태까지 본 영화들 중에서 제일 재밌다 "
"18","암전","1","암전공포영화인데 무서운것도 애매, 그렇다고 몰입감도 없어 스토리는 산으로 가고..그냥 돈주고본걸 후회하게한 몇안되는 영화로 평가함 "
"19","분노의 질주: 홉스&쇼","10","분노의 질주: 홉스&쇼끝까지 웃겨주고 깔끔히 끝내는 센스!!! "
"20","번 더 스테이지: 더 무비","10","번 더 스테이지: 더 무비너무 재미있을거 같아요역시 방탄♡♡♡♡ "
"21","분노의 질주: 홉스&쇼","1","분노의 질주: 홉스&쇼알바 너무 썼다...아이디만 봐도 딱 알바 패턴이 보이는데? "
"22","분노의 질주: 홉스&쇼","10","분노의 질주: 홉스&쇼뻔하지만 재밌는 영화 ㅋㅋ 액션 오락 무비로 딱이다 "
"23","애나벨 집으로","6","애나벨 집으로킬탐 ㄱㅊ했음.... "
"24","분노의 질주: 홉스&쇼","10","분노의 질주: 홉스&쇼빈디젤 없어도 꿀잼 이네ㅋㅋ "
"25","분노의 질주: 홉스&쇼","10","분노의 질주: 홉스&쇼말이 필요없지  스케일이 나날이 커지는느낌!! "
"26","워크래프트: 전쟁의 서막","10","워크래프트: 전쟁의 서막오버워치도 영화 만들자! "
"27","분노의 질주: 홉스&쇼","10","분노의 질주: 홉스&쇼분노의질주...번외편..잘만들었음...^^~♡♡♡ "
"28","러브 유어셀프 인 서울","10","러브 유어셀프 인 서울너무 재미있을거갔아요~방탄 파이팅! "
"29","분노의 질주: 홉스&쇼","10","분노의 질주: 홉스&쇼영화 분노의질주 재밌게 보고 왔습니다 "
"30","엑시트","7","엑시트웃음을 추구한 재미있는 영화 "
"31","분노의 질주: 홉스&쇼","10","분노의 질주: 홉스&쇼액션액션 이런 액션 또 없습니다 이거보면 바로 관람 고고 "
"32","분노의 질주: 홉스&쇼","6","분노의 질주: 홉스&쇼산만하고 시끄럽고...가끔 멋진 장면도 있긴하지만.ㅈ "
"33","분노의 질주: 홉스&쇼","10","분노의 질주: 홉스&쇼웃기고 액션 연기는 정말 통쾌함ㅎㅎ "
"34","트와이스랜드","10","트와이스랜드너무 재미있을거 같아요 "
"35","봉오동 전투","7","봉오동 전투대한독립만세 대한독립만세 대한독립만세 "
"36","분노의 질주: 홉스&쇼","10","분노의 질주: 홉스&쇼역시 이런 영화는 아맥이 진리인듯 "
"37","봉오동 전투","10","봉오동 전투정말재밌습니다 시간가는줄몰랐음 "
"38","봉오동 전투","10","봉오동 전투최고입니다 인생작임에 틀림없다 "
"39","분노의 질주: 홉스&쇼","10","분노의 질주: 홉스&쇼재밌었어요! 자리도 좋았고 액션도 재밌고! "
"40","분노의 질주: 홉스&쇼","10","분노의 질주: 홉스&쇼블랙위도우 랑 한판 붙어도 지지않을 여주의액션 ....지꾸  오버랩되면서  봤는데 정말정말이지. ㅠ "
"41","분노의 질주: 홉스&쇼","10","분노의 질주: 홉스&쇼액션도 멋있고 둘의 케미도 재미있고 여주도 넘 매력적임 "
"42","봉오동 전투","10","봉오동 전투영화는 재미있었다. 다만, 독립군이라면 고난과 굶주림에 싸운 상징인데, 홍범도장군의 얼굴과배때기에 기름진 살덩이가 마치 김일성을 연상 시켰다. 영화의 디테일이 한순간에 날아간 어처구니가 없는 반전이었다. 그런 역사적 배역을 장난하는 것도 아니고.. "
"43","존 윅 3: 파라벨룸","10","존 윅 3: 파라벨룸최고의 액션. 아직도 액션에서 더 보여줄 것이 남았다는 것이 놀랍다. "
"44","분노의 질주: 홉스&쇼","7","분노의 질주: 홉스&쇼분노의 질주 마니아는 보지 마시길...그래도 가볍게 볼만한 영화입니다 "
"45","봉오동 전투","1","봉오동 전투청산리냅두고 봉오동? "
"46","분노의 질주: 홉스&쇼","10","분노의 질주: 홉스&쇼ㅋㅋ 시원한 오락영화 너무 좋았습니다 "
"47","분노의 질주: 홉스&쇼","10","분노의 질주: 홉스&쇼액션폭발 미침 !! 넘 멋진 두주인공>< "
"48","엑시트","2","엑시트이게 왜 아직도 9점이지 알바 오지게 풀었네 "
"49","분노의 질주: 홉스&쇼","10","분노의 질주: 홉스&쇼간만에 화끈한 액션! 구강액션은 덤! "
"50","사랑의 선물","10","사랑의 선물영화를 볼 상영관을 늘려주세요. "
"51","분노의 질주: 홉스&쇼","10","분노의 질주: 홉스&쇼생각보다 너무 재밌던뎅ㅋㅋㅋㅋ "
"52","분노의 질주: 홉스&쇼","10","분노의 질주: 홉스&쇼빡빡이 너네 언제 또 뭉칠거야!!! 빨리 나와라!!! "
"53","엑시트","1","엑시트얼바생들인가.. 오글거리고 진짜 스토리도 빈약하고 겨우 연기 쬐금으로 무마한듯 "
"54","분노의 질주: 홉스&쇼","10","분노의 질주: 홉스&쇼영화 보는중에 너무 웃겼어영 "
"55","분노의 질주: 홉스&쇼","1","분노의 질주: 홉스&쇼이번엘 얼마나 질주하나 보러왔는데 질주는 무슨 주먹구구 싸움 ㅋㅋ "
"56","분노의 질주: 홉스&쇼","10","분노의 질주: 홉스&쇼무조건 아맥으로 보세여 ㅋㅋㅋ "
"57","봉오동 전투","4","봉오동 전투독립군의 엄청난 노력과 그분들의 희생에 대해선 마땅히 감사해하나영화 자체로는 진부한 클리셰 범벅과 잊을만 하면 나오는 신파로 지루한건 부정할 수 없었다 "
"58","분노의 질주: 홉스&쇼","9","분노의 질주: 홉스&쇼한국탈모남은 언제나 이런 액션 찍을까? 바네사 커비는 언감생심이고.. "
"59","분노의 질주: 홉스&쇼","5","분노의 질주: 홉스&쇼액션신은 괜찮았지만,, 미션임파서블과 비슷한 영화였다고 생각되고, 개인적으로  분노의질주 초기 시리즈와 같은 카레이싱의 비중이 많지 않아. 아쉬웠던 영화. "
"60","김복동","10","김복동할머니 꼭 기억하겠습니다. 잘봤습니다. 정말 많은걸  모르고 지냈던걸 느꼈습니다.. 기억하겠습니다. "
"61","분노의 질주: 홉스&쇼","10","분노의 질주: 홉스&쇼나만 당할순없다... "
"62","분노의 질주: 홉스&쇼","10","분노의 질주: 홉스&쇼역시 분노의 질주네요 박진감 스릴 만점영화 입니다 "
"63","봉오동 전투","10","봉오동 전투최고의 독립영화 눈물과 감동 스릴까지 "
"64","분노의 질주: 홉스&쇼","10","분노의 질주: 홉스&쇼시나리오를 아주 잘 썼어요 감동입니다. "
"65","암전","1","암전무서운거허접인데 이건 하품하면서봤다..;참 "
"66","분노의 질주: 홉스&쇼","2","분노의 질주: 홉스&쇼항상 분노의질주 개봉하면 챙겨보는 사람인데 이영화를 재밌다고 하는 사람들은 정말 알바가 아닌지 심히 의심스럽습니다. 두빡빡이가 티격태격할때 그부분에서 웃음을 줘야하는데 전혀 웃기지도 않으며, 중간중간에 아무 쓸모없는 대화내용이 상당부분 차지합니다. "
"67","분노의 질주: 홉스&쇼","10","분노의 질주: 홉스&쇼시작부터 끝까지 볼거리 충분한 영화였습니다. "
"68","분노의 질주: 홉스&쇼","10","분노의 질주: 홉스&쇼스토리보다는 액션과 영상에 별점을 드리고십습니다ㅎ "
"69","분노의 질주: 홉스&쇼","6","분노의 질주: 홉스&쇼단편으로써는 괜찮으나 이 영화가 분노의 질주 시리즈라는것을 생각한다면 화가난다 "
"70","엑시트","2","엑시트최악오브최악 재난영화의 감동도 코미디의 재미도 없이 반복되는 장면의 일색이라 너무 지루했어요 "
"71","지구 최후의 밤","10","지구 최후의 밤기억은 점멸하고 꿈은 지속된다 "
"72","분노의 질주: 홉스&쇼","1","분노의 질주: 홉스&쇼막장드라마는 봤어도 이런 개막장 액션영화는처음 본다..노벨상 2번 탄 천재도 고치기힘든걸 사모아 시골 카센터 직원이 고친데..ㅋ "
"73","아마겟돈","10","아마겟돈마이클베이의 시도때도 없는 폭파와 등뒤로날아가는 비행기들이 전혀 억지스럽지 않았던 시절. 과학적 오류따윈 개나 줘버렸지만 좋은 상업 영화로서의 요소는 완벽하게 갖춘 인생작. "
"74","암전","8","암전보는내내 한국 공포영화치고 진짜 잘만들었다고 생각했음 "
"75","암전","9","암전소름돋는 영화였던거 같아요... "
"76","암전","8","암전처음시작부터 긴장감 최고야ㅠㅠ "
"77","분노의 질주: 홉스&쇼","10","분노의 질주: 홉스&쇼영화 평가 하루지나면 또 할수 있어요.글쓴거 삭제하면  하루 3번  글 다시 쓸수 있어요.  봉오동 얘들 장난질 치는 거예요.  대깨문들 에휴 "
"78","암전","10","암전두근두근 긴장되고.. 잘 봤어요. 무섭긴 무서워요 "
"79","암전","9","암전한국 영화도 이렇게 무서울 수 있구나 하는 생각을 들게 해준 영화임 "
"80","암전","5","암전서예지 연기력이 끌고간다 "
"81","명탐정 코난: 감청의 권","1","명탐정 코난: 감청의 권명탐정코난 17기에 일본 해상자위대 전범기 나온 거 모름? 일본불매를 왜 여기와서 깽판이냐고 하는데 전범기 나온 건 쉴드불가야 전범기 나와, 한국어 더빙 못하게 깽판 쳤어 이래도 극장가서 봐주는 흑우는 뭐임 "
"82","봉오동 전투","4","봉오동 전투역사를 잊은 국가에겐 미래는 없다.우리가 잊지 말아야할 역사는 기록되지 않고 잊혀지고 있다.일제의 침략과 수탈은 잊지 않는다. 그러나 조선 말 통치자, 리더의 어리석음, 실패는 아무도 기억하지 않는다.역사를 잊은 국가에겐 미래는 없다 "
"83","알라딘","10","알라딘어른인 제가 봐도 정말 재밌었어요~강추합니다^^ "
"84","분노의 질주: 홉스&쇼","10","분노의 질주: 홉스&쇼재밌음 악여좀 식상하긴한데 돈이 아깝진 않는 영화 "
"85","이타미 준의 바다","9","이타미 준의 바다제주도에 유명한 건축물들이 이타미 준의 건축이었다니.. 너무 좋았다 위로받고 나왔다 "
"86","봉오동 전투","2","봉오동 전투9점짜리아님 6 많이주면7점 킬링타임용 "
"87","봉오동 전투","3","봉오동 전투유투브에 봉오동 전투 검색하면 더 재밌는 거 많이 나옴 "
"88","암전","10","암전공포영화의 영화를 소재로한 영화는 다시봐도 재밌고 무섭다. "
"89","분노의 질주: 홉스&쇼","10","분노의 질주: 홉스&쇼평점 1준 사람들 진짜 영화나 보고 재미 없다는거냐? 기존 시리즈에 이어지는 스토리는 아니지만 번외편으로 봐도 존잼인데~ 감독도 나름생각있어서 만들었겠지. 액션영화 즐겨보는 사람들한텐 충분히 볼만한 영화였음. 역시 헐리우드 최고의 배우 액션씬 졸멋탱 "
"90","분노의 질주: 홉스&쇼","10","분노의 질주: 홉스&쇼주인공들 너무 매력적이고 액션도 속시원했다~ 또 보러 가고 싶다. "
"91","주전장","10","주전장상영관이  너무 없어요.. 상영관 늘려주십시오.. "
"92","엑시트","10","엑시트주인공들 희생에 울컥 하면서 그 장면이 너무 웃겨서 엉덩이에 털날꺼같습니다.. 긴장감에 손에 땀 엄청나서 다한증도 걸린거 같고.. 여튼 졸잼이에여 "
"93","엑시트","9","엑시트웃긴 건 모르겠지만 벽타는 순간 진짜 긴장되고 몰입도 쩔더라고요 엄마랑 보고 왔는데 가볍게 보기 좋고 좋았어요ㅇㅇ 중반부의 몰입도에 비해 끝이 좀 아쉽다는 느낌이었지만 가볍게 볼만함 "
"94","알라딘","10","알라딘진짜 재밋게 시간 가는줄 모르고 봤네요무엇보다 춤이 진짜 너무 멋진 영화 였어요 "
"95","엑시트","10","엑시트울나라 영화에 또 보고싶다는 감정을 느낀건 굉장히 오랜만이네 뭔가 분위기가 맘에 듬 "
"96","나랏말싸미","10","나랏말싸미배우들에게 찬사를 보넵니다. "
"97","분노의 질주: 홉스&쇼","1","분노의 질주: 홉스&쇼하...분노의 질주 시리즈 중 가장 최악이었음~~억지 스토리에 억지 액션.너무 실망스러웠음. "
"98","알라딘","10","알라딘오랜만에 영화보면서 재미와 감동을 다 느낄수 있었습니다! 너무 재밌어서 2번 봐도 괜찮은거 같아요ㅎㅎ "
"99","분노의 질주: 홉스&쇼","10","분노의 질주: 홉스&쇼너무 말도 안된다. 하지만 영화는 현실이 아니니까. 드웨인 존슨과 제이슨 스타뎀이 만들어 내는 말도 안되는 장면과 연출들이 너무 멋있고 재밌었다. 2시간 내내 시간 가는 줄 모르고 봤는... 액션 좋아하시는 분들 꼭 보시길...! "
"100","봉오동 전투","1","봉오동 전투영화는 화려하나 나이가 들어서인지억지 신파, 고증 파괴, 허풍, 과장...불쾌하다영화보면서 시계를 계속 보게되었다.그리고 15세 치고는 많이 잔인하다... "
"101","기생충","10","기생충인간 기생충들 약먹어라 "
"102","봉오동 전투","8","봉오동 전투8.15 광복절과 잘 맞는 영화 한편... 잘 봤습니다. "
"103","롱 샷","8","롱 샷역시 편견이란게 무서움. 부부끼리 봐야 "
"104","사랑의 선물","10","사랑의 선물대한민국이 정신차려야 합니다. "
"105","분노의 질주: 홉스&쇼","10","분노의 질주: 홉스&쇼신나는 액션!! 난 드웨인 존슨이 빈디젤보다 반가움 "
"106","암전","10","암전현실성이 있는 공포라 피부로 더 와닿는 무서움있는 영화다. "
"107","이타미 준의 바다","10","이타미 준의 바다아름다운 제주도 건축물을 볼 수 있어서 정말 인상깊었습니다! 제두도에 방문해서 꼭 한 번 실제로 보고싶어요!! "
"108","화려한 휴가","1","화려한 휴가역사의 미화의 대표적인영화 "
"109","암전","2","암전신재생 에.에의 XXX가 메인 투자한 질투의 역사보다 평점 높으면 기본은 한 것이다. 후안무치, 남원, 화재 및 부도. "
"110","봉오동 전투","1","봉오동 전투노잼 반일 선동영화 적당히 만들자. 지금 국제정세 특히 동북아시아에서 반일 할때냐??미친 개돼지 기생충새끼들 "
"111","분노의 질주: 홉스&쇼","3","분노의 질주: 홉스&쇼4D로 졸면서 봤네...자동차 영화아님..사모이족 뭐냐 우리나라로 치면 총든 나쁜놈들 앞에서 태권도!!태권!!하면서 태권도의 민족을 보여주겠다 이런건가.. "
"112","분노의 질주: 홉스&쇼","10","분노의 질주: 홉스&쇼재미있었고 액션신이 잘 연출되었으며 연기력 또한 너무 좋았던 오락 무비 "
"113","봉오동 전투","8","봉오동 전투영화보고난뒤 우리나라를 더 사랑하고싶어졌다!박희순 분량은 너무 아쉬웠음! "
"114","분노의 질주: 홉스&쇼","10","분노의 질주: 홉스&쇼분노의질주-홉스앤쇼~근육질남자가 좋아진다!! "
"115","봉오동 전투","10","봉오동 전투정말 재미있게 봤습니다. 감사합니다. "
"116","분노의 질주: 홉스&쇼","10","분노의 질주: 홉스&쇼액션과 말빨 ㅋㅋ 진짜 뭐야 이거 ㅋㅋ "
"117","봉오동 전투","10","봉오동 전투슬퍼요 너뮤ㅜㅜㅜㅜ ㅠㅠㅠ "
"118","분노의 질주: 홉스&쇼","10","분노의 질주: 홉스&쇼카체이싱의끝판왕! 재미있게봤어요 "
"119","봉오동 전투","10","봉오동 전투분명히 있었던 이야기, 잊지 말아야 할 이야기.일부 CG의 아쉬움이 있는걸 제외하고는 배우의 연기도, 연출도, 음악도 모두 좋았던 영화입니다. "
"120","엑시트","10","엑시트안 보신분들은 추천합니다! "
"121","분노의 질주: 홉스&쇼","10","분노의 질주: 홉스&쇼보고싶었는데 재밌게 봤네요ㅋㅋㅋ "
"122","분노의 질주: 홉스&쇼","3","분노의 질주: 홉스&쇼저예산을 위한 맨몸 격투신 너무 많음,시간 채우기 위한 의미없는 대화  너무 많음 이 시리즈에 포함하기엔 급이 떨어지는 영화 "
"123","분노의 질주: 홉스&쇼","10","분노의 질주: 홉스&쇼재미있었어요 그리고 배우들 연기가 굿ㅎㅎ "
"124","패왕별희","10","패왕별희당시 중국 사회적 분위기라면 동성애, 자살 이런 자극적이고 파격적인 소재였는데 굉장히 앞서간 영화가 아닐까싶다. 마지막 죽기전 장국영의 미묘한 표정이 아직도 잊지못한다. 과연 이런 영화가 또 나올 수가 있을까..? "
"125","봉오동 전투","10","봉오동 전투토착왜구들만 불편한 영화~~~ "
"126","분노의 질주: 홉스&쇼","10","분노의 질주: 홉스&쇼웃기고 재밌었습니다 ㅋㅋ "
"127","봉오동 전투","8","봉오동 전투영화만으로 평가하자면내용은 단단하지만 각 배우들의 캐릭터를 제대로 못살린것 같습니다. "
"128","암전","9","암전간만에 재미난 공포영화였다  소재와  배우선택이 좋았다  여기서 ㅋㅋ영화를 보고 평점 남기는사람들이 맞는가??그렇다면 ㅋㅋ저렇게말할수없는데 "
"129","밀리언 달러 베이비","10","밀리언 달러 베이비'매기'가 <모큐슈라>의 뜻을 알고 눈물 흘릴 때 같이 흘렸던 감동의 K.O , 마지막 편지 내레이션에서 또 한 번 K.O ~딱딱하게 굳어있던 마음의 응어리를 깨부수는 강력한 감동의 펀치였다. *지금까지 영화에서 본 최고의 한 단어는 "" "
"130","기방도령","1","기방도령최악이다 , 권하고 싶지않아요 "
"131","분노의 질주: 홉스&쇼","6","분노의 질주: 홉스&쇼흔한 액션영화보는줄... "
"132","스파이더맨: 파 프롬 홈","10","스파이더맨: 파 프롬 홈스파이더맨이 돌아왔다 "
"133","브링 더 소울 : 더 무비","10","브링 더 소울 : 더 무비아포방포~ 가슴아파하며 봤어요.. 우리 탄이들 너무 힘들어보여서 눈물나더라구요.. 오랫만에 장기휴가 모두들 알차게 하고싶은거 다 하고 푹쉬었으면 좋겠어요~ "
"134","분노의 질주: 홉스&쇼","3","분노의 질주: 홉스&쇼주인공끼리 티격대는거 뇌절치니까 지루하더라. 갑자기 신파씬 들어오는것도 뜬금없고. 액션신은 괜찮았지만 그 외는 그닥.. 6점은 줄만한데 평점이 너무 높길래 3점준다 "
"135","이타미 준의 바다","10","이타미 준의 바다제주도 여행가려고 포도호텔 예약했는데, 영화 보고나니 가서 묵으면  더 좋을 것 같다는 생각이 드네요 "
"136","레드슈즈","10","레드슈즈수작 한국에서만들엇다니! "
"137","이타미 준의 바다","10","이타미 준의 바다단순 건축에 대한 영화가 아니었네요. 정말 감동적이었습니다 "
"138","엑시트","10","엑시트답답한 장면없이 재밌게봤다 "
"139","사자","1","사자좋은 배우들을 데리고 감독이 망친 영화~ 제법 볼만했는데 박서준과 우도환의 격투씬은 최악~ 박서준의 성흔을 통해서 구마를 했었는데 갑자기 불주먹 히어로 등장으로 망했네요~ 그래놓고 후속편을 찍으려 했다니... "
"140","분노의 질주: 홉스&쇼","10","분노의 질주: 홉스&쇼아이맥스 대박 입니다 역시 아이맥스로 보는거 추천 이요!!! 그 와중에 둘다 입담쩔엌ㅋㅋ 데카드 쇼 짱 좋다 "
"141","엑시트","9","엑시트재밋다ㆍ이런 재난이 있을수도 있겠구닌 싶었다ㆍ시간 후딱 지나감 "
"142","플루토에서 아침을","10","플루토에서 아침을킬리언 머피..사랑스러운 배우입니다.이영화를 빛나기해준  배우. "
"143","서치","10","서치넷플릭스 통해 봤습니다 몰입도 최고! 꼭 보세요! "
"144","기생충","1","기생충봉충호 머리에 기생충이 득실실득^^ "
"145","봉오동 전투","10","봉오동 전투잔인한장면들도있던데 볼만했어요 "
"146","알라딘","8","알라딘또보고싶은 영화..쉼없이 빠져들었는네요 "
"147","스파이더맨: 파 프롬 홈","6","스파이더맨: 파 프롬 홈재밋긴 하지만 쫌 식상하다ㆍ "
"148","봉오동 전투","8","봉오동 전투광복절에 온가족 함께 관람한 영화!아이들의 대 일본관 교육에도 적절한 시기의 영화라고 생각 됨. "
"149","어린 의뢰인","10","어린 의뢰인아동학대의 현실을 정말 잘 찝어준 영화 "
"150","사랑의 선물","10","사랑의 선물어제개봉하자마자관람하고왔습니다다. 북한 관련영화로서는 극의 완성도도 상당한 수준의 수작입니다.  마지막에 홀로 남아 꽃제비가 된 딸 효심이가 부르는 극중 노래가 너무 애절하여 아직까지도 여운이 가시지 않네요. 가족 동반 관람을 권할만한 영화입니다. "
"151","엑시트","10","엑시트최근 본것 중 제일 재밌었음 부모님 아이들 모두 같이 봤는데 다들 재밌어했음 연기도 자연스럽고 이런 유쾌한 영화 좋습니다 "
"152","브링 더 소울 : 더 무비","10","브링 더 소울 : 더 무비정말 열심히 사는 모습들을 보며 다시 한번 다짐하게되고 위로받게 되었다. "
"153","봉오동 전투","8","봉오동 전투요즘 노 재팬 시기와  맞물려 딱 맞는영화임ㆍ재밋다ㆍ쫌 잔인하지만 재밋고 이겨서 좋음 "
"154","분노의 질주: 홉스&쇼","10","분노의 질주: 홉스&쇼햇꿀잼이엿어요 보는내내웃음 "
"155","분노의 질주: 홉스&쇼","10","분노의 질주: 홉스&쇼햇꿀잼이엿어요 보는내내웃음 "
"156","나랏말싸미","1","나랏말싸미다른건 몰라도 역사왜곡이 심하다는 평가에 '이건 봐봐야 도움되는 구석이 없겠구나' 싶으니 볼 맛이 뚝 떨어지네요. "
"157","봉오동 전투","2","봉오동 전투광복절이라 애국심으로 별 한개줌 솔직히 재미없음 류준열씨 캐릭이 납득안되고 안어울림 유해진님이 멱살잡고 끌고가지만 노잼을 살리기에는 역부족이고 부족한 드라마를 입으로 설명하기 바쁨 잔인한걸로 치면 19세 대한독립만세 "
"158","엑시트","10","엑시트시간가는줄 모르고 유쾌하게 봤어요 "
"159","파라노말 액티비티: 더 고스트 디멘션","6","파라노말 액티비티: 더 고스트 디멘션생각보단 재미없었다. 근데 무서운건 인정. "
"160","분노의 질주: 홉스&쇼","1","분노의 질주: 홉스&쇼분노의질주 시리즈가 아닌 개망작 쓰레기다. 걸러라 "
"161","엑시트","10","엑시트반일선동 빨갱이 쓰레기 영화 판치는 요즘 너무신선했다. 그런데 주제가를 빨갱이 이승환이 부른점이 조금 아쉬웠음 ㅋㅋㅋ "
"162","분노의 질주: 홉스&쇼","10","분노의 질주: 홉스&쇼내평점있을 수 없고 황당하지만 빠른전개 연기력,약간의 코믹스러움도 좋았다,한번 보세요 두시간여가 금방가네요.많이들 볼것 같네요! "
"163","봉오동 전투","1","봉오동 전투좋은소재를 평범하게 아쉽네요 "
"164","마이펫의 이중생활2","10","마이펫의 이중생활2잼나요 애들과보기 참 좋균 "
"165","알라딘","10","알라딘음악도 좋고 재미있었어요 추천합니다 "
"166","엑시트","10","엑시트조정석이 계단이 있어서 다행이다..할때 빵터짐ㅋㅋ "
"167","존 윅 3: 파라벨룸","5","존 윅 3: 파라벨룸이제 시리즈 그만 만들때가 된듯하네. 액션까지 루즈함... "
"168","이타미 준의 바다","10","이타미 준의 바다건축가의 이상과 신념을 알 수 있었던, 푸르른 영화 "
"169","브링 더 소울 : 더 무비","10","브링 더 소울 : 더 무비영화볼때마다 느끼지만 진짜 열심히 사는구나... 를 느끼게 해줌.. "
"170","분노의 질주: 홉스&쇼","7","분노의 질주: 홉스&쇼강렬한 오프닝 & 밋밋했던 사모아섬 "
"171","분노의 질주: 홉스&쇼","4","분노의 질주: 홉스&쇼시리즈 안보신분들은 이게 잼게 느껴질꺼 같고 1부터 본사람은 엄청 실망 하실듯 전 개인적으로 애정으로 봤습니다 이제 분노의 질주 제목은 그만쓰시고 다른 제목으로 가시죠 "
"172","봉오동 전투","9","봉오동 전투나라를 위해 힘써준 분들이 있었기에 지금의 우리가 존재하는 것입니다. 감사합니다. 적절한 시기에 나온 영화라 더 인상깊었네요. "
"173","분노의 질주: 홉스&쇼","10","분노의 질주: 홉스&쇼이영화를 보면서 저런 오토바이 사고 싶다는 생각이 드는 건 멀까???? "
"174","마담 프루스트의 비밀정원","9","마담 프루스트의 비밀정원기대이상으로 영화상영시간이 금새 가버렸다. 다채로운 음악과 함께..^^ 어른들을 위한 동화같은 영화였다. 덤으로 반전의 재미랄까.. "
"175","봉오동 전투","1","봉오동 전투시국에 적절한 반일 선동 영화 "
"176","암전","4","암전그냥 내년 추석에 집에서 봐요 다들..!! "
"177","원더랜드","10","원더랜드지루하지 않은 전개와 슬픔도 있고 스릴러도있고 즐거움도 있는 볼거리 가득한 영화 "
"178","분노의 질주: 홉스&쇼","1","분노의 질주: 홉스&쇼대실망. 분노의질주라는 타이틀은 뺐어야지.. 어제 저녁에 OCN에서 해준 분노의질주 더 익스트림 보면서 '그래 이게 분노의 질주지'하는 생각이 절로 나더라구요. 후속편 나온다고 해도 안볼 생각.. "
"179","기생충","2","기생충이게 뭔 대작? 기분만 나쁜 영화 "
"180","봉오동 전투","10","봉오동 전투존경합니다 보고 독립박물관 다녀와야겠다 생각이 들었습니다 "
"181","봉오동 전투","1","봉오동 전투영화로  반일 선동 하려면  재미나게나 만들던지이 영화 보면 개.돼지 되는거임 "
"182","분노의 질주: 홉스&쇼","6","분노의 질주: 홉스&쇼글쎄 난 생각보다 별로였음 ... "
"183","사자","8","사자저는 개인적으로 잼나게 봤어요^^마무리는 시즌제를 위한거 겠죠?^^ "
"184","만추","10","만추왜 이영화가 대박치지못했는지 그땐 내가 작품보는눈이 없었나보다명작이다꼭 보세요 "
"185","브링 더 소울 : 더 무비","10","브링 더 소울 : 더 무비함께해줘서 고마워요 영원합시다 방탄 "
"186","엑시트","10","엑시트그냥 한마디만 할게요...꼭 보세요 두번보세요 후회하지않을겁니다 진짜꿀잼 강추!!! "
"187","청년경찰","1","청년경찰평식옹 평론 뼈때리네ㅋㅋ "
"188","엑시트","10","엑시트대전도 무대인사와주세요 부탁들입니다 "
"189","분노의 질주: 홉스&쇼","8","분노의 질주: 홉스&쇼좀 졸긴했지만.. 음악나오면서 암 블랙수퍼맨 간지.. "
"190","컨저링 맨션","1","컨저링 맨션이 영화를 보고 자살하는법을 터득했습니다. "
"191","엑시트","6","엑시트기대없이 봐서 생각보단 재밌었어요 뻥액셕 쩔지만 다 그렇죠 뭐 ㅋㅋ "
"192","블루노트 레코드","10","블루노트 레코드있는척 좀 할려면 이런영화에다가 평점 가득 드려야죠 암 "
"193","레드슈즈","10","레드슈즈울 딸래미들이 두번씩이나 봤는데 또 보여달라네요^^tv 로 다시보기 하고픈데 언제 나올까요? "
"194","라이온 킹","8","라이온 킹에니메이션하고는 또 다른 감동이있네요.. "
"195","앵그리 버드 2: 독수리 왕국의 침공","8","앵그리 버드 2: 독수리 왕국의 침공아이들이 많이 웃고 좋아하네요 "
"196","나는 예수님이 싫다","1","나는 예수님이 싫다개독들 좌표 아직 안찍었네. "
"197","김복동","10","김복동죄송하고 속상하고 억울하고 화납니다. 피해자가 내민 손을 무시하는 가해자. 그런 가해자와 협상을 한 국가. 그상황을 잘알지 못했던 저에게 화가 납니다. 이 영화 상영을 멈추지 말아주세요. 저와같이 아픈 과거를 모르고 하루를 살아가는 사람이 없도록. "
"198","알라딘","8","알라딘한편의 뮤지컬을 보는듯했습니다. "
"199","분노의 질주: 홉스&쇼","2","분노의 질주: 홉스&쇼돈아깝고 사모아에서 빵터짐 아 진심 "
"200","봉오동 전투","2","봉오동 전투애국심으로 포장된 좌빨들이 절대 입에 올리지않는 독립군 김좌진 장군. 이유는? 1. 빨갱이총탄에죽어서 2. 김좌진의 친손녀 김을동이 자유한국당 전신인 새누리당 전직 의원이서. 이거 모르고 일본불매니 어쩌니 하면서 김원봉추겨세우는 좌빨들 개돼지 인정 "
"201","엑시트","10","엑시트보기전에 모른다 이영화의 재미를 "
"202","암전","1","암전영화가 시작되고... 불이 꺼지면... 치명적인 공포가 옵니다... ""환불 불가"" 거든요!!! "
"203","봉오동 전투","10","봉오동 전투청산리 전투는 언제개봉하나.... "
"204","이타미 준의 바다","10","이타미 준의 바다온기가 담긴 건축물들의 이야기 "
"205","엑시트","8","엑시트Reality는 좀 떨어지지만 재미 있네요 "
"206","분노의 질주: 홉스&쇼","2","분노의 질주: 홉스&쇼개OO 개연성.... "
"207","분노의 질주: 홉스&쇼","10","분노의 질주: 홉스&쇼바이러스가...홉스랑 쇼를 불러...다른조직과 맞붙어...사모아...탈옥? "
"208","엑시트","1","엑시트우와 진짜ㅅㅂ 욕나오게 재미없다. 보다가 나왔음. 댓글알바가 진짜있구나하고 뼈져리게느낌. "
"209","안녕, 티라노: 영원히, 함께","10","안녕, 티라노: 영원히, 함께아이와 함께 보고 왔는데 캐릭터도 귀엽고 재미있었다네요.  각자의  사연도 있고  전개도 나쁘지 않아요 "
"210","나랏말싸미","2","나랏말싸미이런 졸작에 평론가 넘수가 너무 높다 "
"211","분노의 질주: 홉스&쇼","8","분노의 질주: 홉스&쇼액션은 지림 내용은 분노의질주 처음봤는데 모르겠 솔직히 중간에 졸음 "
"212","레드슈즈","8","레드슈즈이게 국산 애니메이션이라니ㄷ.ㄷ)b 생각보다 잘 만들었다 "
"213","나랏말싸미","6","나랏말싸미공자가 부처를 만났어도 이러진 않았을 것이다. "
"214","애나벨 집으로","5","애나벨 집으로베라파마가 주연이라고 써있길래 봤더만 ;; 그냥 특별출연정도네 "
"215","마이펫의 이중생활2","10","마이펫의 이중생활2두번봄 웃다쓰러짐 앞자리 여자 쓰러짐 "
"216","시크릿 인 데어 아이즈","4","시크릿 인 데어 아이즈정말 지겨웠어요. 끝까지 보기 힘들었습니다 "
"217","기생충","8","기생충개인마다의 연기력은 최고.다소 과장된 내용인거 같긴 하지만 지금의 현실일지도.. "
"218","분노의 질주: 홉스&쇼","9","분노의 질주: 홉스&쇼액션은 굿...코믹도 굿 "
"219","분노의 질주: 홉스&쇼","6","분노의 질주: 홉스&쇼액션은  화려하고 좋다 근데 스토리는 참... 기승전 사모아 "
"220","존 윅 3: 파라벨룸","2","존 윅 3: 파라벨룸그냥 총칼 싸움 겜이구나..나랑은 안맞네;기냥 죽이는거..잔인한거 "
"221","분노의 질주: 홉스&쇼","4","분노의 질주: 홉스&쇼분노의질주시리즈중에서는젤별로...액션신이많긴했지만 분노의질주라는영화가 다른영화랑 다르게차액션이많고스릴넘쳐서재밌던건데 그게별로없으니 그냥 일반액션영화느낌이었음 "
"222","엑시트","10","엑시트웃긴데 손에서 땀이나고 뭐 이런 영화가 다있나..ㅎ.ㅎ넘 재밌어요. "
"223","엑시트","10","엑시트재미있어요 따따따다따 ㅋㅋㅋ "
"224","마이펫의 이중생활2","10","마이펫의 이중생활2아이들이 너무.재밌어 했어요 "
"225","보헤미안 랩소디","9","보헤미안 랩소디오랜동안 기억에 남는 영화를 봤네요 ~^^ "
"226","분노의 질주: 홉스&쇼","10","분노의 질주: 홉스&쇼분노의 질주는 분노의 질주임ㅎㅎ "
"227","걸캅스","1","걸캅스OO 코미디인데 좋노잼.. "
"228","분노의 질주: 홉스&쇼","10","분노의 질주: 홉스&쇼개꿀잼 개꿀잼 개꿀잼 개굴잼 "
"229","분노의 질주: 홉스&쇼","10","분노의 질주: 홉스&쇼아우재밌어요 ㅋㅋ 마지막 쿠키영상까지 짱재밌었네요 "
"230","구름 속의 산책","8","구름 속의 산책영화 후반이 다소 아쉽지만 전체적으로 훌륭한 영화 "
"231","분노의 질주: 홉스&쇼","8","분노의 질주: 홉스&쇼쿠키 이해가안가고...중간에 살짝지루..? 대사들도 연결되는 부분도..번역이 문제인가 약간이해가 안가는 부분이 있었음. "
"232","밤의 문이 열린다","9","밤의 문이 열린다서늘하면서도 다정다감한 위로. 과장 없이 담대하다. 간만에 몰입해서 본 영화 "
"233","봉오동 전투","10","봉오동 전투알바가 보라고 광고한다? 별로다? 친일로 알겠습니다. "
"234","마이펫의 이중생활2","9","마이펫의 이중생활2아이들과 함께 보기 너무 재미있고 즐거운 영화네요. 오랜만에 같이 웃으며 봤답니다. ^^ "
"235","분노의 질주: 홉스&쇼","10","분노의 질주: 홉스&쇼영화 상당하네 ㄹㅇ 또 보고싶당 "
"236","분노의 질주: 홉스&쇼","2","분노의 질주: 홉스&쇼낚였네 ㅠㅠ 분노의질주 씨리즈를 망친영화 ㅠㅠ 최악이다.. "
"237","레드슈즈","10","레드슈즈친구랑 봤는데 너무 귀여워서 보기좋았어요. 애들이 좋아할거같은 영화였습니다, 애는 아니어도 귀여운거 좋아하시면 추천해요 "
"238","엑시트","10","엑시트일단 두 배우의 밝고 산뜻한 분위기 때문에 재난 영화임에도 기분좋게 봤고요정말 식상함 1도 없이 신선했습니다욕설, 신파 등 거슬리는 거 하나 없이 이렇게 깔끔하고 유쾌하고 시원하고 신선하고 재미있을 수가 있나요한국 영화계에 길이 남을 수작입니다 "
"239","더 이퀄라이저","10","더 이퀄라이저덴젤워싱턴의 연기와 감각적인 연출력이 만나 무게감 있는 액션 대작이 탄생! "
"240","봉오동 전투","5","봉오동 전투홍콩 느와르인가요? 칼하나로 총알을 피하고 한소대를 전멸 시키네 "
"241","분노의 질주: 홉스&쇼","10","분노의 질주: 홉스&쇼정말재밌어요!!후회안할영화!! "
"242","암전","1","암전어휴...좀 영화가 거시기 하네요...ㅠㅠ 그닥 별로 "
"243","봉오동 전투","10","봉오동 전투광복절에 보고 왔습니다. 일본이 저지른 만행이 영화에 나온 것보다 적진 않을 겁니다.독립운동은 못 했지만 불매운동은 하겠습니다. "
"244","엑시트","1","엑시트별 반개도아깝다 진짜 알바들 정말 대단하다ㅡㅡ 이걸 왜 돈주고 보는지 평점도 첨 쓰네 "
"245","엑시트","10","엑시트웃음, 스릴, 감동 다 있네요. 억지 신파가 없다고 알고 봤는데 정말 재밌게 웃다 울딘 봤습니다. 엄마도 보도록 예매하려구요! "
"246","겟 아웃","10","겟 아웃역대급공포영화다 소름이 쫙끼치네 "
"247","누구나 아는 비밀","8","누구나 아는 비밀상영관이 적어서 보는게 쉽지 않았네요. 재밌습니다. "
"248","알라딘","8","알라딘어릴적에 보았던 디즈니랜드 만화영화를 추억할 수 있어서 좋았습니디ㅡ. "
"249","사랑의 선물","10","사랑의 선물북한인권 하나도 안중요 하나보네 왜 제대로된 상영관 하나없냐? 말로만 인권 인권 정작행동은 이거 분명 정부 잇김있다. "
"250","엑시트","3","엑시트가족의 사랑과 단합 아찔한 고소공포연기와 러브스토리가 어우러지고 있지만 많이 지루했고 여주인공을 많이 드러내려고 애쓴거 같다. "
"251","스파이더맨: 파 프롬 홈","8","스파이더맨: 파 프롬 홈액션 재밌습니다... "
"252","기생충","8","기생충좀 지루한 감은 있지마 하고자 하는 얘기를 깊게 풀어낸 영화내요 "
"253","제9중대","5","제9중대아프칸에대해 조금은 알았다 "
"254","봉오동 전투","1","봉오동 전투[요즘 내가 즐겨찾는 이슈들]#친북 #친중 #사회주의자 #문재인 #총선 #반일 #반미 #선동 #투표 #민주당 #환경파괴 #정치이용 #좌파 #세월호 #국뽕 #미사일 #촛불정부 #대깨문 #개돼지 #날조 #조국 #엑시트꿀잼 #봉오동노잼 #논란 #국가부도의날 "
"255","엑시트","10","엑시트가족끼리 다같이 봤는데 너무 재밌게 봤습니다 "
"256","사자","6","사자좋은배우들이 좋은연기를 해주었으나 히어로물도 아니고 점점산으로 바다로, , , , "
"257","분노의 질주: 홉스&쇼","5","분노의 질주: 홉스&쇼와ㅏㅏ 정말 노잼이에오!  이렇게  더운날 시원한 영화관에서 꿀잠자고싶으면 보시면 됩니다! "
"258","분노의 질주: 홉스&쇼","3","분노의 질주: 홉스&쇼엉성한 스토리, 급조한 가족애, 과장된 연기,스케일만 크고 그저그런 액션 "
"259","용서받지 못한 자","10","용서받지 못한 자미필 : 너무 심한거 아니야?군필 : 저 내무반 완전 좋다. "
"260","알라딘","10","알라딘완전 저의 최애영화 임요. 봐도봐도 안질려여대박 "
"261","분노의 질주: 홉스&쇼","10","분노의 질주: 홉스&쇼너무 재미있게 봤어요액션최고!! "
"262","분노의 질주: 홉스&쇼","8","분노의 질주: 홉스&쇼별5개 주고싶었으나 1개는 도미닉이 없었음에 너무 아쉬웠다ㅠ 내년엔 나온다는데 내년을 기대해본다 "
"263","엑시트","2","엑시트중학생 우리 아들은 괜찮다고 하는데 글쎄요.. 저는 평점이 왜 이렇게 높은지 이해가 잘 되질 않네요  재난 코미디영화라해도 이건 좀 민망할만큼 유치...관람객 수준이 왜 일케 낮아졌는지....요즘 정말 볼만한 한국영화가 없네요 "
"264","봉오동 전투","10","봉오동 전투한국인이라면 꼭 봐야할 영화!! "
"265","배심원들","10","배심원들역주행 ... 개봉 하면 대박 터질듯 최근에 본 영화중 최고 중에 최고 "
"266","봉오동 전투","1","봉오동 전투알바들이 꼭 보라고 한국인은 봐야된다고 쉴틈없이 개처럼 짖어대는 영화 "
"267","알라딘","10","알라딘큰기대안하고 봤는데 너무좋았어요 "
"268","분노의 질주: 홉스&쇼","4","분노의 질주: 홉스&쇼분노의질주가 점점 산으로간다 "
"269","악인은 살아 있다","5","악인은 살아 있다마지막 반전은 기억에 남네 "
"270","분노의 질주: 홉스&쇼","1","분노의 질주: 홉스&쇼재. 미. 없. 어. 30. 분. 전. 에. 나. 옴. "
"271","엑시트","10","엑시트간만에 몰입해서 본영화입니다 "
"272","엑시트","8","엑시트조정석이 다 살렸다 조정석하드케리영화 "
"273","봉오동 전투","10","봉오동 전투영화를 보면서 인상깊었습니다. "
"274","효자동 이발사","10","효자동 이발사평점 뭐꼬  말이 안되는뎅 "
"275","암전","10","암전무조건 영화관에서 관람 하시길... "
"276","항거:유관순 이야기","10","항거:유관순 이야기유관순 열사님 감사합니다.. ㅜ "
"277","엑시트","10","엑시트가족애도있고 올만에 잼나게  봤네여~~ "
"278","악질경찰","10","악질경찰너무 슬퍼 감동적이다 100점이다 "
"279","분노의 질주: 홉스&쇼","10","분노의 질주: 홉스&쇼분노의 질주 재미있으면 추천 재미없으면 비추천 "
"280","분노의 질주: 홉스&쇼","10","분노의 질주: 홉스&쇼재미집니다 액션 좋던데 ㅋㅋ "
"281","봉오동 전투","10","봉오동 전투일베들은 일베가서 놀아라 증말..  광복절 쉬게해준거 감사하게 생각하고. "
"282","분노의 질주: 홉스&쇼","10","분노의 질주: 홉스&쇼이탈리안잡과 센트럴인텔리전스를 보고 봐야하는 영화ㅋㅋ "
"283","봉오동 전투","10","봉오동 전투유해진 최고다ㅎㅎ 연기 "
"284","봉오동 전투","10","봉오동 전투가슴뭉클하고 뜨거워지는 영화.. "
"285","분노의 질주: 홉스&쇼","8","분노의 질주: 홉스&쇼볼만한 영화에요 ㅎㅎㅎㅎ "
"286","아이 필 프리티","6","아이 필 프리티뚝뚝 끊기는 흐름... 킬링타임 영화로 봤다지만 그저그런ㅋㅋㅋ 알다시피 뻔하디뻔하고 친구사이에서 민폐여주캐릭 보는 게 좀 힘들었지만 그래도 배우자체는 나름 잘 소화했음 "
"287","인디펜던츠 데이: 외계의 대침공","2","인디펜던츠 데이: 외계의 대침공인디 펜던스데이 짝퉁영화 "
"288","암전","7","암전이런 좋은 소재를 갖고 개연성을 말아먹은 좋은 예 "
"289","분노의 질주: 홉스&쇼","9","분노의 질주: 홉스&쇼레이싱 액션 모두 좋았다 "
"290","봉오동 전투","1","봉오동 전투앞으로는 영화를 핑계로 자연이 훼손되면 안된다. "
"291","엑시트","8","엑시트재난영화를 무겁지 않게 재밌게 풀었습니다 "
"292","분노의 질주: 홉스&쇼","6","분노의 질주: 홉스&쇼관람객으로 분노의질주 후속이 아니라 그냥 독립 스토리의 액션영화다. 분노의 질주만의 감성이 없다 "
"293","분노의 질주: 홉스&쇼","6","분노의 질주: 홉스&쇼나도 여주 예쁜거 말고 기억에 나는게 없다. 액션감 질주감도 없고 그냥 전편들이 훨 나은듯. "
"294","분노의 질주: 홉스&쇼","3","분노의 질주: 홉스&쇼큰 규모의 홍콩 액션영화 보는듯. 액션에 억지로 끼워 맞춘 드라마... 급조한 작위적인 가족애~ "
"295","엑시트","2","엑시트이게 왜 9.0인지 이해 1도 안간다.. "
"296","블루노트 레코드","9","블루노트 레코드멋지고 좋아요다 좋은데 뒷부분이 좀 약한 것 같아서 아쉽네요위대한 전통을 이어가기 위한 끊임없는 노력이 혁신이중요하다는 생각이 들었습니다 "
"297","더 원","6","더 원다소 아쉬운 상황도 있었지만 이정도면 무난한 액션 "
"298","첫 키스만 50번째","10","첫 키스만 50번째보고싶다 이지인아~~ "
"299","암전","7","암전뭐 최근공포영화에 비교하면 이정도면.. "
"300","분노의 질주: 홉스&쇼","2","분노의 질주: 홉스&쇼분노의 질주가 아님 차가 안나옴 맥라렌에 덩치 세명이 낑겨 타는데 이런차를 왜 타냐는둥 미국식 유머도 없음  불필요한 얼굴 클로즈업이 많음 아이언맨+트랜스포머+매드맥스 짬뽕에 wwe레슬링챔피언 로만레인즈가 병풍으로 나오는 영화 차라리 마이펫2를 봄 "
"301","알라딘","9","알라딘지니로 시작해서 지니로 끝나는 영화 ㅋㅋ 소원은 신중하게 :) "
"302","나랏말싸미","1","나랏말싸미역사왜곡이 심한 영화 입니다.. "
"303","엑시트","10","엑시트여름 시즌 최고의 영화 잘봤습니다 "
"304","엑시트","10","엑시트말이 안나오네...뭐라 말로 표현 할수 있는 게 아닙니다 "
"305","엑시트","10","엑시트솔직히 재난영화 질질짜는 거 보기싫어서 잘안보는데 친구가 하도 보자고 졸라서 봤는데 내 고정관념을 깼다.이거 재난영화 맞지?? 참고로 보고 나면 계속 어딘가 올라가고싶어짐 (후유증) "
"306","봉오동 전투","10","봉오동 전투이 영화를 봤다는게 대한민국 국민으로서는 강격입니다....대한독립만세! "
"307","암전","1","암전처음 평점 남겨봅니다. 맨앞자리에서 봐서 그런지 넘 어지러웠고 그닥 재밌지는않았어요. 마지막이 너무 허무합니다.ㅠㅠ "
"308","알라딘","5","알라딘내용은 별로인데 마지막이 재미있어요 "
"309","인면어: 저주의 시작","10","인면어: 저주의 시작비비안수 연기 너무 멋있었어요. 피아노 치는 모습 진짜 인생연기  입니다. "
"310","기생충","9","기생충장면과 대사 하나하나가 암시와 복선 그리고 현실을 투영해내는 절묘한 연출..봉감독님 인정..^&^ "
"311","봉오동 전투","10","봉오동 전투독립운동가분들 존경합니다 "
"312","엑시트","1","엑시트영화보면서 자해하고싶었던 만큼 재미없는영화 "
"313","봉오동 전투","10","봉오동 전투독립운동의 주체가 수 많은 일반 국민들이었음을 보여주는 영화 "
"314","분노의 질주: 홉스&쇼","2","분노의 질주: 홉스&쇼시리즈 정체성이 사라졋다분노의질주는 머슬카 일본양카 슈퍼카가자동차 액션으로땡크 헬리 잠수함 때려잡는 맛으로 보는데이번에는 그런액션이 전무 하고 보다가 졸았다빈디젤이 돌아와야한다 "
"315","엑시트","10","엑시트깔-끔하고 옥상에서 구조요청하는 법 같은 것도 알려주고 너??????무?????? 잘봐서 평점까지 쓰러오게하 "
"316","봉오동 전투","8","봉오동 전투광복절기념 부모님과 함께 봤습니다. 반전인듯 반전아닌 요즘 시국에 통쾌했네요 꼭한번 보시길 추천합니다 "
"317","엑시트","10","엑시트기대 안했는데 넘 재밌었어요 "
"318","마이펫의 이중생활2","10","마이펫의 이중생활2재미있어요~~동물들도 귀엽고 내용도 재미있고아이들이 좋아할 그런영화입니다~~ "
"319","분노의 질주: 홉스&쇼","2","분노의 질주: 홉스&쇼알바 진짜 많은듯.... 분노의질주 시리즈중 최악이었음...액션이 너무 억지스럽고 유치하다고 해야 하나...  B급영화 수준....-.- "
"320","봉오동 전투","10","봉오동 전투대한 독립 만세에!!만세! "
"321","엑시트","2","엑시트이것도 영화라고 ㅡㅡ뭔 알바들만 있나?질질 끄는 스토리아직 한국영화는 멀었다는걸 다시한번 느낌. "
"322","봉오동 전투","10","봉오동 전투믿고거르는 평점테러,악평갓머드 갓베형누님들 사람되긴 글렀습니다~ "
"323","암전","2","암전내가 보기에 10점은 다 알바임 "
"324","분노의 질주: 홉스&쇼","7","분노의 질주: 홉스&쇼찰진 드립과 시원한 액션. "
"325","분노의 질주: 홉스&쇼","2","분노의 질주: 홉스&쇼외국에서 봣는데 와 진짜.. 분노의 질주 골수팬으로써 너무 재미없었다...이 영화만의 우정 가족애 이런거 하나도 없고 액션도 딱히... "
"326","봉오동 전투","10","봉오동 전투유해진,류준열 두분의 연기가 빛났고, 한일관계가 안좋은 시기에 역사를 되짚어보게되는 좋은 작품이라 생각됩니다. "
"327","봉오동 전투","10","봉오동 전투광복절에 봐서 되게 의미있게 봤습니다. 봉오동 전투 꼭 보세요 후회 안합니다. 배우들 연기력도 최고입니다 이 영화로 더욱 역사를 알리고 자신의 목숨받쳐 지금의 대한민국을 만들어주신 분들을 위해서라도 봐야할 것 같고 잊지 않아야할 것 같습니다. "
"328","봉오동 전투","1","봉오동 전투토착빨갱이 전라도에서 벌어진 배신 음모 통수급 빨갱이전투임 "
"329","분노의 질주: 홉스&쇼","9","분노의 질주: 홉스&쇼영화 잼나게 잘봣긴한데 이게 왜 분노의질주인지?? 분노의 질주 기대하고 보러갔는데 내용은 그냥 액션영화 기존주인공이 안나와서 살짝은 실망 그러나 액션신은 만족 "
"330","엑시트","2","엑시트너무 재미없어요....개연성도 없고..사람들이 하루 종일 울고...시끄럽고... 중간에 영화 나올려다가 옆에 지인때문에 끝까지 봤네요...비추에요 저는 "
"331","봉오동 전투","2","봉오동 전투시대 잘 만났네. 졸작이다. 후퇴해라 "
"332","악마를 보았다","8","악마를 보았다영화적 재미에 충실한 영화. "
"333","분노의 질주: 홉스&쇼","1","분노의 질주: 홉스&쇼시간과 돈을 날렸다졸지만 않았다면 일찍 나갔을 것이다 "
"334","분노의 질주: 홉스&쇼","10","분노의 질주: 홉스&쇼영화관 자주 안가는 나를 영화관으로 가게 만드는 영화~ "
"335","사랑의 선물","10","사랑의 선물대박  대박 대박~~~  ㅜㅜ 강추합니다 "
"336","기생충","7","기생충블랙 코미디 로써는 훌륭 하지만  사회구성의 필연적인 요소인 계급간의 격차를 애써 부각 시킨점은 거슬리는군  7.0 "
"337","봉오동 전투","4","봉오동 전투긴장감제로 집중력제로 노잼 "
"338","분노의 질주: 홉스&쇼","2","분노의 질주: 홉스&쇼이번엔 협찬이부족했나 멋있는차가 질주하는장면이 별로안나옴,,,,싸움만하고,,시리즈중에 젤별로였음 "
"339","분노의 질주: 홉스&쇼","2","분노의 질주: 홉스&쇼스토리엉성  수다만 많은.. "
"340","엑시트","5","엑시트연기 괜찮고, 중간중간 쫄깃한기도 하고, 소재도 참신한데...전체적으로 보면 약간 유치하고 엉성합니다. "
"341","존 윅 3: 파라벨룸","4","존 윅 3: 파라벨룸원작의 명성을 이어가기에는 역부족 이군 "
"342","분노의 질주: 홉스&쇼","1","분노의 질주: 홉스&쇼정말 보고 후회한 영화. 내 생에 최악의 영화. 그냥 영화 제목만 따오고, 주인공 2명만 갖다 쓴 아류작. 아직 안보신 분들은 절대 보지 않기를 적극 추천함.  액션신도 별로, 대사도 유치하고 졸림. 옥의티를 찾아라 하면 아주 쉽게 100개는 찾을듯. "
"343","안녕, 티라노: 영원히, 함께","10","안녕, 티라노: 영원히, 함께만화보고 울긴 처음.. "
"344","분노의 질주: 홉스&쇼","10","분노의 질주: 홉스&쇼아게 액션영화 여배우 특히 마음에 들어요 ㅎㅎㅎ 스타뎀과 드웨인은 최고의 팀입니다 ㅎㅎㅎ "
"345","봉오동 전투","10","봉오동 전투아이들한테 애국심을 심겨줄수 있는 영화 였습니다 "
"346","봉오동 전투","10","봉오동 전투전투의 모든 과정을 실어담아 이해도와 몰입감이 잘된거같네요 소름끼치게 잘봤습니다 "
"347","봉오동 전투","10","봉오동 전투마지막장면에서 눈물 흘렸습니다 ㅠㅠ그때 목숨걸고 싸워주신 우리 조상님들 정말 감사합니다. 정말 멋있습니다 "
"348","분노의 질주: 홉스&쇼","6","분노의 질주: 홉스&쇼영화 제목 바꿔라 지루해서 잤다 "
"349","정","7","정그냥.. 잔잔한.. 예전 여인들의 삶... 어쩌면 우리는 그런 여성상을 원하는 것은 아닐지... "
"350","봉오동 전투","1","봉오동 전투별 하나도 아까울정도. 영화보다가 졸리고.. 스토리도 없고 개연성도 없고~ "
"351","분노의 질주: 홉스&쇼","10","분노의 질주: 홉스&쇼그렇다 이 빡빡이 두명은 엄청난 콜라보다 "
"352","봉오동 전투","10","봉오동 전투독립운동은 못했어도 영화는보고 가슴깊이 새기자 "
"353","나랏말싸미","1","나랏말싸미별점 하나 주기도 아까운 역사왜곡 영화ㅉㅉ "
"354","수영장으로 간 남자들","9","수영장으로 간 남자들웃으면서 재밌게 봤습니다 영화광이라 얻은 소소한 행복 "
"355","분노의 질주: 홉스&쇼","10","분노의 질주: 홉스&쇼분노의 질주 골수팬인데 전 좋았어요. 토레토 없이도 번외편이 이정도면 괜찮은편인데 실망까지야.. 자동차 액션씬이 덜나오는건 아쉽지만 전작에 없는 가벼운 유머코드와 신선한 액션에 시원하게 즐길수있는 영화였습니다.데드풀 유머코드 안맞는 사람들은 별로일수도 "
"356","사자","10","사자구성과 스토리. 모든것이 완벽합니더.오랜맘에 멋진 한국영화를 만난것 같고믿음. 정의. 사랑. 용기에 대해서 생각해보게끔 한 영화 입니다최고~~~ "
"357","브이 포 벤데타","10","브이 포 벤데타이것은. . .마스터피스! "
"358","브링 더 소울 : 더 무비","10","브링 더 소울 : 더 무비방탄소년단 사랑합니다 "
"359","봉오동 전투","10","봉오동 전투대한민국 국민이라면 꼭 봐야합니다. 일본의만행 죽을때 까지 잊지 않을것이며 죽어서도 조상님들께 죄송하지않게 일본을 배척하고 저주하며 증오하겠습니다. "
"360","요로나의 저주","6","요로나의 저주컨저링유니버스의 의리로 준 점수. 근데 문득 드는 생각이 호러 영화에 나오는 애들 중에 무서워서 우는 애는 못 본 듯.. "
"361","봉오동 전투","10","봉오동 전투일제로부터 나라를 지키기위해 노력하신 분들께 감사드립니다. 독립운동은 못해도 불매운동은 이어가게습니다.. 토착왜구들은 니네 나라로 돌아가라 "
"362","봉오동 전투","1","봉오동 전투억지감동 국뽕영화 이상. "
"363","애나벨 집으로","7","애나벨 집으로세상에서 한 가닥 하는 악령들이 세명의 소녀에게 털리는 영화. 그래도 컨저링 유니버스의 의리로 재미나게는 봄~ "
"364","분노의 질주: 홉스&쇼","1","분노의 질주: 홉스&쇼분노의 질주가 아니다 이건..그냥 액션영화다 분노의 질주라고 생각하지 말고 보세요..현실감 제로 ㅋ 오토바이가 무슨 자동으로 옴  변신하는데  오토바이가  스네이크임 "
"365","사자","10","사자아니 누가 망작이랬냐 개재밋다 ㅁㅊ "
"366","엑시트","9","엑시트심플하지만 군더더기 없이 재밌는 영화 "
"367","분노의 질주: 홉스&쇼","1","분노의 질주: 홉스&쇼1점 주기도 아까움예전의 분노의 질주하고 완전다른영화 "
"368","안녕, 티라노: 영원히, 함께","8","안녕, 티라노: 영원히, 함께저희 아이7살은 괜찮았는데 울고 나가는 아이들이 몇명있었어요..저는 티라노가 떠날때 너무 슬펐어요..ㅜㅜ "
"369","안녕, 티라노: 영원히, 함께","9","안녕, 티라노: 영원히, 함께3t살 티라노 좋아하는 아들과 보고왔어요. 1시간 쯔음 나가고 싶어했지만, 간식으로 달래가며 좀 참으니 막판에 몰아치고 하니 또 끝까지 재밌게 잘 보더라구요. 저만 괜히 마지막에 울컥해서 민망했던..ㅋㅋ 어른들이 되야 더 느껴지는게 많은 영화일수도.. "
"370","범죄도시","10","범죄도시아니 이영화가 천만이아니였네?ㅠㅠ "
"371","봉오동 전투","10","봉오동 전투8월15일 광복절에 관람했습니다 진짜 애국지사분들께존경을 표합니다 "
"372","분노의 질주: 홉스&쇼","6","분노의 질주: 홉스&쇼ㅎㅎㅎㅎ 다소지루했습니다. "
"373","분노의 질주: 홉스&쇼","4","분노의 질주: 홉스&쇼내용도별로고액션도별로고 잼미도없고 시끄럽기만함 "
"374","원더랜드","2","원더랜드5살 아이와 함께 봤는데 너무 재미 없어서 중간에 나왔어요. 잼있다고 평점 남기신 분들 댓글 알바가 아닌지 의심스럽습니다. 하지만 상상력 만큼은 인정!! "
"375","엑시트","10","엑시트 웃기기도하고 액션도잇고 감동도 잇어요  재밋다요~^^ "
"376","기생충","10","기생충복수는 나의것, 올드보이와 함께 최고 영화. "
"377","분노의 질주: 홉스&쇼","1","분노의 질주: 홉스&쇼미션임파서블 스타일이네 ㅠ "
"378","1987","10","1987눈물이 하염없이 나는 영화. 마지막 이한열 열사의 장면부터 엔딩크레딧까지 감동과 벅참이 느껴졌습니다 "
"379","브링 더 소울 : 더 무비","1","브링 더 소울 : 더 무비맨날 방탄방탄 빨더만 관객수 30만 ㅋㅋㅋㅋ "
"380","분노의 질주: 홉스&쇼","6","분노의 질주: 홉스&쇼예고편은 분노의질주답고 화려했다. 하지만 그게 다~였다. 격투기가 늘었고 만담개그가 만연하다! 가족의 재회도 넘 뻔한 스토리... 근데 왜 재밌지? "
"381","분노의 질주: 홉스&쇼","10","분노의 질주: 홉스&쇼말이 필요없고 시리즈 중 최고 내가 올해 본 영화 중 최고 개신나 !! "
"382","앵그리 버드 2: 독수리 왕국의 침공","10","앵그리 버드 2: 독수리 왕국의 침공재밌어요 정말 ㅎㅎ아들이 꿀잼 "
"383","봉오동 전투","10","봉오동 전투꼭 봐야 할 영화는 아니더라도 추천합니다. 일제강점기를 미화하는 사람들도 있고, 관점에 따라 다르게 보는 사람도 있겠지만 그 당시 일본이 어땠는지는 알아야 할거같아서요. "
"384","엑시트","10","엑시트너무 내 스타일 영화 또 보러가여지 "
"385","분노의 질주: 홉스&쇼","10","분노의 질주: 홉스&쇼사모안...어셈블! "
"386","봉오동 전투","10","봉오동 전투유해진님이 아니면 지루한 다큐멘타리가 될 수도 있었지만  ....영화를 살렸네요류준열님 멋진 캐릭터였구요. 훌륭한 배우님들 때문에 오래 가슴에 남을 영화가 되었습니다 "
"387","기생충","8","기생충결말이 조급한게 옥의 티 "
"388","분노의 질주: 홉스&쇼","8","분노의 질주: 홉스&쇼분노의 질주 느낌이 안나서 좀 아쉬웠네요~그래도 워낙 좋아하는 배우들이고 장르여서 잼있게 봤는네요~^^ "
"389","진범","7","진범나름대로 흥미로운 추리물 "
"390","분노의 질주: 홉스&쇼","9","분노의 질주: 홉스&쇼역대급 말싸움만 신물나도록 듣게됨..액션은 죽여줘 "
"391","사자","7","사자불주먹밖에는 기억에 안남는다 "
"392","봉오동 전투","8","봉오동 전투왜 극일을 해야하는지 다시 한번 상기 시켜준 영화. 15세 이상 아이들이 있는 분들은 같이 보시기 바랍니다 이 보다 더 좋은 역사 교육이 없습니다 "
"393","봉오동 전투","10","봉오동 전투좋은영화감사합니다독립운동가존경합니다 "
"394","엑시트","10","엑시트배우들이 영화 잘 살렸네요~ 재밌게 봤어요^^ "
"395","논스톱: 다마스커스 타겟","6","논스톱: 다마스커스 타겟좀더 재미있게 연출했으면 하는 아쉬움 "
"396","라이언 일병 구하기","10","라이언 일병 구하기하루에 두번이나 본 영화... "
"397","엑시트","1","엑시트이 영화에 재난영화란 말은 너무 거창하고 과분하네요재난영화의 급박함, 긴장감이 없어요보는 내내 그렇게 긴박한 상황이 아닌데 왜저리 호들갑 떨지? 라는 생각이 들었습니다또한 현실성 없는 설정들이 몰입을 방해합니다어이없어서 헛웃음만 나오는 영화 "
"398","레드슈즈","6","레드슈즈5살 딸과 함께 재밌게 봤어요 "
"399","암전","1","암전그냥 그래요... 뭐라 쓸말이 없네요 아쉬워요 "
"400","안녕, 티라노: 영원히, 함께","8","안녕, 티라노: 영원히, 함께아빠랑 아들이랑 잘보고왔네요~^^주인공은 티라노가아니더라구요^^ "
"401","엑시트","6","엑시트조정석 유머 재밌어오 엔딩 이승환 노래 신났어요 "
"402","봉오동 전투","10","봉오동 전투꼭 보세요!!! 정말 감동적인 영화 ,, "
"403","안녕, 티라노: 영원히, 함께","10","안녕, 티라노: 영원히, 함께일본영화라고 비하하고 불매하는 새끼들은 공룡 발바닥에 깔려 죽어야 한다. "
"404","분노의 질주: 홉스&쇼","8","분노의 질주: 홉스&쇼여배우 보는데..왜 닥터스트레인지 생각나지.. 재밋네 "
"405","호크니","9","호크니작가의 삶을 돌아보며 그의 작품에 대한 이해도를 높일수 있을거 같습니다. "
"406","봉오동 전투","6","봉오동 전투명랑은 재밋게본사람인데 봉오동전투는 2번잤음 국뽕땜에 보긴했는데 추천해주고싶진않음 "
"407","분노의 질주: 홉스&쇼","2","분노의 질주: 홉스&쇼시리즈물인데.시리즈물 같지.않음 원래의 느낌에서 너무 벗어남 "
"408","엑시트","10","엑시트정말 꿀잼입니다!!!! "
"409","암전","3","암전공포영화 처음보는데 이영화 보고 이게 영화인가 싶었다 "
"410","기생충","4","기생충일단 유명해져라, 나중에는 똥을 싸도 사람들이 박수를 쳐줄것이다 "
"411","암전","2","암전쓰레기라고 말하는 사람들 이해가 1000번 되는 영화 ㅠ돈 너무 아깝다.... 후회,,딴거 볼껄... 너~무 너무 재미없다.. "
"412","분노의 질주: 홉스&쇼","10","분노의 질주: 홉스&쇼왕겜 결말은 나도 마음에 안든다 "
"413","분노의 질주: 홉스&쇼","10","분노의 질주: 홉스&쇼봉오동이나처바라 문빠들은 ㅋㅋㅋㅋ "
"414","분노의 질주: 홉스&쇼","6","분노의 질주: 홉스&쇼재미는 어느정도 있지만 평점이 너무놊다. "
"415","엑시트","10","엑시트재미지다 만족스럽게 봄ㅋㅋ "
"416","풀 스피드","10","풀 스피드말도 안되는 오바나 억지가 있긴한데 킬링타임으로 재밌구만 노란차BGM 등장마다 지리네 "
"417","분노의 질주: 홉스&쇼","10","분노의 질주: 홉스&쇼재미지게봄ㅋㅋ 매력트져 "
"418","사랑의 선물","10","사랑의 선물개봉관이 너무적은거 아닌가요?? 정말 인생영화인데... 혹시 정부가 상영 막고있는건 아닌가 생각이드네요 "
"419","엑시트","10","엑시트신선한영화 따따따 따 다다다 "
"420","봉오동 전투","2","봉오동 전투최근에 본영화중 가장 재미없는 영화엿습니다애국심때문에 꼭 보시는 분들이 없기를 바랍니다 ㅠㅠ "
"421","나랏말싸미","4","나랏말싸미서프라이즈 보는줄... "
"422","분노의 질주: 홉스&쇼","1","분노의 질주: 홉스&쇼뭐가 재밌다는 거지ㅋㅋ "
"423","토르: 다크 월드","9","토르: 다크 월드괜찮은 상상력과 훌륭한 그래픽  구현 "
"424","봉오동 전투","5","봉오동 전투영화 스토리 자체는 재미 없기 짝이 없다. 일본을 재앙으로 표현하면 어땠을까? 이건 재앙이 아니라 동네북으로 만들어놔서 긴장감이 떨어지더라...개인적으로 암살이 훨 재밌었다..의미 있는걸 보고 싶으시면 MBC에서 틀어준 ""기억록""을 보시길... "
"425","연애의 온도","8","연애의 온도남녀 대화가 많이 공감할 수 있어요 "
"426","아이언맨 3","5","아이언맨 31편 재탕의 연속. 계속된 우려먹기 "
"427","기묘한 가족","9","기묘한 가족좀비물 좋아하는편은 아닌데 재밋게봤어요, 한국B급 좀비물의 가능성을 보여주는 영화인듯...  강추입니다 "
"428","분노의 질주: 홉스&쇼","10","분노의 질주: 홉스&쇼진짜 개꿀잼.. 화장실 참아가면서 봤어요 "
"429","봉오동 전투","1","봉오동 전투개인적으로는 별루였어요 "
"430","봉오동 전투","6","봉오동 전투It's enough, if there is only '국뽕'. "
"431","이끼","6","이끼영화는 원작을 넘어서는건 불가능한가? "
"432","엑시트","10","엑시트별생각없이 봤는데 너무재밌게봤습니다 "
"433","알라딘","10","알라딘최고였어요 두번 세번 보고싶었어요 "
"434","봉오동 전투","10","봉오동 전투독립운동가 분들 존경을 표합니다 "
"435","김복동","10","김복동위안부는 만점주세요. "
"436","사랑의 선물","10","사랑의 선물너무너무 감동입니다여러분 적극 추천합니다 "
"437","봉오동 전투","10","봉오동 전투여긴 내 나와바리야 일본꺼쟈'ㅜ "
"438","보헤미안 랩소디","10","보헤미안 랩소디영화 끝나고 실제 공연 영상 보고 지림.프레디머큐리 존멋♡ 존잘♡ "
"439","엑시트","10","엑시트영화의 수준 ,감동 ,액션,웃음 그딴거 생각하지말고 봐라모든것에 비판만 하는 그런 부정적인 인간들은 이영화보지마라 너희들과 맞지않는영화다아무생각없이 봐라 !! 정말 재미나고 신난다!! "
"440","암전","10","암전가볍게 보면 재밌어요~! "
"441","심연","10","심연20년이 넘은 영화.다시 봐도 감동이 "
"442","봉오동 전투","10","봉오동 전투모든 독립운동 분들 존경합니다 "
"443","엑시트","9","엑시트새로운 장르 개척! 액션도 좋지만 요즘같이 어려운 시기에 시원하게 날려준다 "
"444","나랏말싸미","2","나랏말싸미대배우들이나오는영화들은전문가평점 너무높게주는거저만 아는거아니죠? ㅠ "
"445","안녕, 티라노: 영원히, 함께","10","안녕, 티라노: 영원히, 함께어제 아이들과 봤는데 정말 재밌게 봤습니다좀 찡한 부분도 있는데 티라노 멋짐!!! "
"446","공각기동대 : 고스트 인 더 쉘","10","공각기동대 : 고스트 인 더 쉘재밌는데. 중간에 로봇장갑차 액션씬이 인상깊었음.ㅎ "
"447","스파이더맨: 파 프롬 홈","10","스파이더맨: 파 프롬 홈재미있었습니다 추천해요 "
"448","엑시트","7","엑시트리얼리티와 교훈이나 사회고발메세지. 다큐. 깊은 생각을 하게하기보다는 과장과 코미디와 억지상황 설정이란 msg를 잘 버부려놓은 맛집같은 영화 "
"449","분노의 질주: 홉스&쇼","2","분노의 질주: 홉스&쇼너무 지루했는데 장르도 바뀐거같고 미션임파서블인줄그래도 재미없던데 "
"450","분노의 질주: 홉스&쇼","7","분노의 질주: 홉스&쇼역대 자동차 추격씬도 적었고 분노의질주 시리즈 터줏대감인 빈디젤까지 빠지니 분노의 질주 외전 편 같은 느낌 전반은 멕라렌 단편영화 후반은 사모아족 홍보영화 "
"451","와호장룡","10","와호장룡진짜 재밌고 빠져들만한 영화 "
"452","고질라: 킹 오브 몬스터","1","고질라: 킹 오브 몬스터빨리감기를해도 도저히 못봐주겠더라 식상한 스토리 비슷한 괴물영화 왜 만들었는지 돈이 남아도나 "
"453","기생충","1","기생충그냥 볼 가치도 없는 쓰레기 영화 "
"454","봉오동 전투","1","봉오동 전투반일 선동영화 이런거 보고 재밌다는 사람은 얼마나 무식한거냐? "
"455","미녀는 괴로워","10","미녀는 괴로워천만 찍고도 남을 영환데  참 아깝다 ㅜㅜ "
"456","레드슈즈","10","레드슈즈이건 성인이 더 즐겨봤을ㅋ 아이들은 내용이 조금 어려웠나보다 난 굉장히 집중했는데 "
"457","토이 스토리 4","10","토이 스토리 4어릴적나의 장난감들을 되 짚어보는 아주소중한시간.감동적이였다 "
"458","스파이더맨: 파 프롬 홈","10","스파이더맨: 파 프롬 홈너무 재미있게 봤습니다~~ "
"459","분노의 질주: 홉스&쇼","10","분노의 질주: 홉스&쇼꿀잼  여주 존예 굿 또 보고싶다 "
"460","봉오동 전투","10","봉오동 전투재밋었슴니다 ㅎㅎ 완벽 "
"461","분노의 질주: 홉스&쇼","1","분노의 질주: 홉스&쇼평점조정. 7점대가 적당하다 "
"462","암전","10","암전솔직히 완성도 떨어지고 연출도 미흡하지만 서예지 연기가 많이 채워준다. 서예지 연기 정말 인상적이고 감독도 많이 부족하지만 영화를 대하는 태도와 간절함이  느껴져서 호감이다. 손익분기점이 35만인데 손익분기점 넘겼으면 좋겠다. 영화는 7점정도? "
"463","봉오동 전투","2","봉오동 전투졸작중의 졸작.알바 그만. "
"464","안녕, 티라노: 영원히, 함께","2","안녕, 티라노: 영원히, 함께정말 재미 없게 봤다.90년대말 2천년도초때 수준에 에니였음 "
"465","분노의 질주: 홉스&쇼","1","분노의 질주: 홉스&쇼질주는 없다 말만 많다 b급 영화 "
"466","봉오동 전투","1","봉오동 전투그저사람들이 명작이라고10점주고 그러니깐 정작영화는안봤으면서 있어보이고또좋아요받을려고 평점10주느라애쓴다 ㅋㅋ "
"467","안녕, 티라노: 영원히, 함께","2","안녕, 티라노: 영원히, 함께뭐야.. 일본영화잖아 "
"468","아이 캔 스피크","10","아이 캔 스피크위안부에대한 감정이 가까히 다가온다 "
"469","나의 독재자","10","나의 독재자리어왕을 알고 있는 사람들이라면 마지막 설경구가 하는 거짓말을 하는법을 배우고 싶소 라는 대사가 얼마나 개연성에 중요한 영향을 끼쳤는지 모를껍니다.. "
"470","어벤져스: 엔드게임","10","어벤져스: 엔드게임근 10년 동안 낙이였는데 아쉽내요 "
"471","분노의 질주: 홉스&쇼","10","분노의 질주: 홉스&쇼헬퍼도 스킬 두개는 못피하네 "
"472","공작","2","공작보는내내 이게 도대체 뭐지?싶네 "
"473","봉오동 전투","8","봉오동 전투애국심갖고 보면될듯요 "
"474","봉오동 전투","10","봉오동 전투댓글 썼다가 지우고 다시씀 평정 1점 뭐야???? 왜저래??!!! 아 진짜 이런식으로 테러하지마세요 평점참고해서 영화보는 사람도 많아요.솔직히 어제 우리동네 영화관 전석매진 처음봣다.보는 사람들 바보아니다 "
"475","국가부도의 날","1","국가부도의 날한국영화는 티비로 보는거야 "
"476","레드슈즈","6","레드슈즈여러 동화를 섞어놓은 듯한 스토리? "
"477","엑시트","10","엑시트모처럼 재미있게 봤네요 재난영화라고하기엔.재미있네요^^ "
"478","봉오동 전투","10","봉오동 전투봉오동과 홍범도만을 달달 외웠던 게 부끄러웠을 정도...영화를 보고 나니 봉오동전투라는 다섯글자의 무게가 엄청나게 무겁게 느껴지더라구요. "
"479","분노의 질주: 홉스&쇼","10","분노의 질주: 홉스&쇼쟂쨈잼잼탱테엥조올라멋짐 "
"480","악질경찰","1","악질경찰영화라고 만든거야?? 짜증나는 억지연결 / 세월호는 왜?? 그럼 봐주는 사람이 더 있을거같아서?? 그래서 경찰서도 안산 단원경찰서 쓴거야?? 그걸 상업적으로 쓰고싶디?? 영화 스토리 정말 쉽게 만든다. 단역들한테도 투자받은듯 "
"481","아일라","10","아일라엉엉 울면서 봤네 어찌보면 남인데 다른나라 전쟁고아를 평생 잊지않고 그리워하다 결국 그 약속을 지켰다는게 너무 감동적이었음 "
"482","호텔 뭄바이","10","호텔 뭄바이보다 왜이리 화가나는지세월호때와 연관이 저절로 되네요가슴아픈영화 책임감 사명감없이 일하는거 사람생명이 달려있는일인데 가슴아팠던 영화 부디 두번다시 그런일 없길위해서라도 많은분들 보셨음해요 "
"483","엑시트","6","엑시트킬링타임으로 적절한 영화 "
"484","분노의 질주: 홉스&쇼","2","분노의 질주: 홉스&쇼오랜만에 영화보다가 잤음 "
"485","봉오동 전투","10","봉오동 전투내가 본 전투영화 중 최고였다.. "
"486","분노의 질주: 홉스&쇼","1","분노의 질주: 홉스&쇼갑자기 온가족 소환에 무뜬금 키스.. 이거 아니잖아.. 왕자의게임드립도 ㅆ노잼... 그냥 할말이없었다 "
"487","나랏말싸미","6","나랏말싸미아쉬움이 많아 평점은 많이 못준다,어째든 저째든 저때 자한당이 있었다면 무조건 반대를 했을거다. 그 앞엔 나베가 있었고. 역사는 반복된다. "
"488","미 비포 유","8","미 비포 유7년사겼다고 말하지마라 쪽팔린다여친 좋아하는거도 몰라 싫어하는거도 몰라 존중,배려심 하나도 없는 멍청함에 여친생일에 달려오고 선물도 ㅋㅋ자기중심적 여친이 간호하는 장애인앞에서 달리라는 조롱까지 ㅋㅋ 5개월만난 장애인보다 못한 멍청한새키 ㅋㅋ "
"489","기생충","10","기생충이마에 묻은 염색 자국 같은 장면들, 영화가 언어임을 알게 하려는 듯 그 언어를 사용해 전달하는 강인한 봉준호의 얼룩. 기억하고 싶기도 하고 지워버리고 싶기도 하다. "
"490","봉오동 전투","8","봉오동 전투최소 15세 이상은 되어야 볼만 할듯..옆에 초딩여자애 귀막고 보던데..전 좋아하지만.. "
"491","애나벨 집으로","1","애나벨 집으로그냥미국영화는 딱이정도수준. 놀래키는 공포영화가 가장 저급스럽다고 생각하는데 이건 끝도없이 나오더라 "
"492","드래곤 길들이기 3","10","드래곤 길들이기 3안녕? 안녕! 안녕ㅎ.. "
"493","고질라: 킹 오브 몬스터","6","고질라: 킹 오브 몬스터본격 괴수 대결전, 인간은 사족 "
"494","더 퍼지:거리의 반란","7","더 퍼지:거리의 반란진짜 딸 발암물질. 그냥 짐꾼. 암 걸렸음 "
"495","분노의 질주: 홉스&쇼","10","분노의 질주: 홉스&쇼휴머니티와  몇몇장면 드라이브 및 헬기장면멋집니다 "
"496","분노의 질주: 홉스&쇼","10","분노의 질주: 홉스&쇼시리즈중 역대급으루 재밌었어요 사이다 ㅠㅠ "
"497","알라딘","10","알라딘두번 봤어영 증말 짱이야 ㅠㅠ "
"498","존 윅 3: 파라벨룸","8","존 윅 3: 파라벨룸그렇게 존과 킹은 네오와 모피어스가 됩니다 "
"499","안녕, 티라노: 영원히, 함께","8","안녕, 티라노: 영원히, 함께나만운게아니구만ㅋ티라노살려주시지ㅜㅜ프론 힘내^^ "
"500","사자","1","사자초반엔 구마로 몇분 그럴싸 하다가 마지막에 악당들 쨘 하고 주인공 대기타고 있는 부분에서 빵터졌음. 개연성,완성도 최악. 검은사제들 따라하려다가 초중반부터 어설픈 액션 판타지가 되어버림ㅋㅋ 파워레인져보다 재미없음 절대 보지마세요 "
"501","분노의 질주: 홉스&쇼","10","분노의 질주: 홉스&쇼액션 헐리웃 상업영화에서 작품성따지는건 에러같고 가볍게 킬링타임용으로 보세요 "
"502","맨 온 렛지","5","맨 온 렛지만들다만 느낌 중간에 너무 루즈함 "
"503","엑시트","10","엑시트영화 끝나고 왜이리 짧아? 라 생각했는데 한시간 40분 뚝딱      시간가는줄 몰랐네 ㅈㄴ재밋슴 "
"504","스플라이스","8","스플라이스걸스캔두애니띵~큰일은 여자가 한다는 개뿔 머저리여친 둔덕에 남주는... 인간한테 불편한 내용이라서 그런가 평점6점대 영화는 절대아닌데 몰입도도 좋고 고민할 거리도 주는 잘만든 sf수작 "
"505","나랏말싸미","1","나랏말싸미더럽게 재미없음. 최근 5년안 한국영화중 "
"506","악질경찰","2","악질경찰좋아요 누를때부터 아 속았다 싶음. 감독이 악질. "
"507","봉오동 전투","10","봉오동 전투대한독립만세~~~우리는 알아야 합니다.시간이 흘렸다고 아프 상처가 치유될순 있어도흔적은 고스란이 납습니다.오늘날  아베의 만행은 참고있는 우리민족을다시금 건드렸습니다.강인한 민족정신을 보여줍시다. "
"508","홍콩 레옹","3","홍콩 레옹원작과는 무관한 아주 황당하고 기괴한 코미디. 웃긴 것보다 호러스러운 장면이 더 많다. "
"509","암전","1","암전대부분 어두운 화면인데 밝은 장면이 거듭해서 나오는 연출이 많고 후반부엔 아예 플래시가 여러번 터지는 연출이 있는데 눈아프고 머리아파서 잘보지도못함 "
"510","봉오동 전투","10","봉오동 전투나라를 지켜주신 선조들이 대단하시고 존경스러워서 울었네요ㅠ 감사합니다! "
"511","퀸카가 아니어도 좋아","8","퀸카가 아니어도 좋아예상되는 내용이지만 재미있고 설레이고 공감되네요 "
"512","봉오동 전투","10","봉오동 전투영화처음부터 끝까지 가슴아프고 먹먹했던, 승리를 해 후련함과 통쾌함은 있었지만 그래도 가슴아팠다 마지막 태극기에 3.1운동 이후 희생하셨던 독립운동가들의 유골이 바람에 휘날릴때 그 먹먹함을 잊지 못한다 "
"513","라이온 킹","7","라이온 킹실사라서 아쉽기도 했지만 실사라서 좋았던 부분도 있었음. 원작이 워낙 좋아서 그냥 평범했던듯 "
"514","알라딘","9","알라딘윌스미스의 좋은 연기, 명불허전 명곡들, 반면 애니보다 수동적인 자스민은 아쉬웠음. "
"515","존 윅 3: 파라벨룸","1","존 윅 3: 파라벨룸최악! 근래 본영화중 보면서 가장 많이 웃은 영화.물론 헛웃음.액션이 옛날 짱깨영화 수준임.멍청한 악당들.의미없는 총질.쓸데없이 잔인한 장면.안쓰러울 정도로 어설픈 존형의 맨몸액션....할 베리는 왜나왔냐?4편 만들거라고 대놓고 광고하네.ㄷㄷ "
"516","애나벨 집으로","8","애나벨 집으로하지 말라는 건 하지 말자!! 제발 쫌 ㅎㅎ "
"517","엑시트","8","엑시트독극물 살포 장면에서 약간 깨는 느낌이 있었지만 그 장면 제외하고는 어색하지 않게 재미있게 잘 봤음. PEAK 생각도 나지만 사실 암벽등반 비중이 컸던건 한 씬 정도였고 코믹함을 살린 재난영화인듯. "
"518","공작","1","공작본격 역사왜곡 영화다... "
"519","분노의 질주: 홉스&쇼","1","분노의 질주: 홉스&쇼불면증 있으신 분 보세요.잠이 오지게 옴. 심지어 액션신에서도. "
"520","봉오동 전투","1","봉오동 전투봉오동전투 해명글봐도 환경훼손은 사실이라고 이야기하는데 환경훼손한 영화가 애국영화냐?? 그리고 동강할미꽃이 아니라서 괜찮다는 애들은 니들이 뭔데 동강할미꽃>할미꽃 가치라고 단정짓음?? "
"521","핵소 고지","10","핵소 고지진짜 평론가들 말은 믿을 수가없다 "
"522","너의 결혼식","1","너의 결혼식여주 환승희가 남친 환승하면서 인생테크 타는 영화 "
"523","엑시트","9","엑시트진심 킬링타임 굿! 전혀 지루하지 않네요. 재밌어요! "
"524","스카이스크래퍼","10","스카이스크래퍼좋은영화 인데 손에 땀이 나네요 "
"525","기생충","10","기생충불우이웃 연기보소.. "
"526","분노의 질주: 홉스&쇼","1","분노의 질주: 홉스&쇼버티다버티다 분노의 질주로 영화관을 나가게 됨. "
"527","김복동","1","김복동그녀들을 지켜 주지도 못한 자들이 혓바닥으로 염불이나 하는게 무슨 소용인가 "
"528","나랏말싸미","1","나랏말싸미평론가는 다 돈 썼냐? 1점도 아까움. 역사왜곡 오지고, 감독 믿고 거른다 "
"529","사자","6","사자솔직히 영화는....ㅋ박서준몸과 우도환얼굴보고 참는다 "
"530","분노의 질주: 홉스&쇼","2","분노의 질주: 홉스&쇼절대 보지마세요... "
"531","고질라: 킹 오브 몬스터","1","고질라: 킹 오브 몬스터개연성 제로, 억지 감동, 클리셰는 그대로... 전형적인 노잼 영화 "
"532","엑시트","10","엑시트전 까다롭게 영화보는사람인데 해운대나 부산행 이상으로 재밌게봤어요 손에 땀을 쥐는? "
"533","나랏말싸미","1","나랏말싸미조철현감독 믿고거르는 감독으로 등극 축하합니다 "
"534","화이트 라이언 찰리","10","화이트 라이언 찰리많은 것를 생각하게 하는 영화네요. "
"535","기생충","10","기생충처음부터 끝날때까지 너무나 흥미진진한 영화다. "
"536","존 윅 3: 파라벨룸","1","존 윅 3: 파라벨룸죽기위해기다리는악당들 "
"537","핵소 고지","10","핵소 고지재밌다재밌다재밌다재밋다 "
"538","인턴","10","인턴아직 이 영화를 안 본 사람이 부럽다.면접관이 70세 할아버지에게 던진 10년 후 미래란 질문을 통해서, 30대 40대가 아닌 아직 생각해 보지 못했던 더 먼 미래의 나의 모습을 생각해 볼 수 있었다. "
"539","봉오동 전투","1","봉오동 전투타짜, 신세계, 부산행같은 참신한 영화가 보고싶다..의도가 뻔히 보이는 이런 영화말고 "
"540","비스트","1","비스트정말 왜 저렇게까지 해야 하는지 1도 모르겠고 그때문에 첨부터 끝까지 보는것만으로 힘든건 괸객들 몫이고ㆍ굳이 잔인한 설정이 필요한건지 보고나서 굉장히 불쾌하고 찝찝했슴ㆍ올해 최악의 영화ㆍ둘다 연기까지 무겁고 심각하고 짜증유발 "
"541","분노의 질주: 홉스&쇼","10","분노의 질주: 홉스&쇼댓글 첨쓰는데 진짜 이건 역대급 "
"542","피아니스트","5","피아니스트ㅋㅋㅋ 한국서 만들었으면 걍 3류 변태선생에 관한 야하지않은 에로영화가 프랑스에서 만들었기때문에 성을대담하게 다룬 예술영화로 둔갑되는 불편한진실..프랑스영화는 뭔가 왠지 괜히 더 고급져보이고 그러나보다ㅋㅋㅋ "
"543","엑시트","2","엑시트최악이었음 전부  와..  거리기만함 "
"544","몽 루아","10","몽 루아사람의 머리가 왜 마음을 조종할수없는걸까.. "
"545","엑시트","9","엑시트불필요한 부분을 쳐내고 신선하고 깔끔하게 접근한 영화. 이런게 오히려 더 좋다 "
"546","봉오동 전투","10","봉오동 전투광복절을 맞이하여 오랫만에 관람 최고입니다 "
"547","봉오동 전투","1","봉오동 전투민족주의를 내세운 환타지 "
"548","분노의 질주: 홉스&쇼","1","분노의 질주: 홉스&쇼분노의 써커스단...  이제 그만해... 우리의 추억이 퇴색되지 않도록... 서로가 이제 지쳤잖아... 그래 알아... 세상에 아름다운 이별이란 없다는거... "
"549","봉오동 전투","10","봉오동 전투나라를 되찾기 위해 이름없이 사라져간 수백만의 우리 조상들... 잊고살았는데... 일본커피관련 제품 사려고 전날까지 검색한 제가 부끄러웠습니다. 목숨도 바치는 판에 저는 뭘하려 했던걸까요. 꼭 보세요. 아마 현실은 영화보다 훨씬 심했겠지요. "
"550","나랏말싸미","1","나랏말싸미역사왜곡도 적당히 해라 "
"551","봉오동 전투","10","봉오동 전투두시간이 넘는 시간동안 여자에 미치고 일본 어린 포로도 인정하는 부끄러운 만행들에 치가 떨리며 눈물이 났습니다. 울음은 참지않았고 오늘을 위해 큰 힘 써주신 모든 독립군들을 위하여 흘립니다. 광복절날 정말 의미있는 영화를 본 것 같아 잘한 일 같네요. "
"552","봉오동 전투","5","봉오동 전투내최근1년간 역대급노잼 "
"553","아델라인 : 멈춰진 시간","6","아델라인 : 멈춰진 시간소재가 특이하긴 하지만 그냥 저런 로맨스물. "
"554","라스트 갓파더","1","라스트 갓파더내가 지금핸드폰으로   각본없이  영화찍어도  이것보단 재밌게 만들자신있다 "
"555","암전","6","암전제가 뭘본건지 모르겠네요 무슨내용인지 1도 모르겠음 "
"556","봉오동 전투","10","봉오동 전투고맙습니다.. 그저 고맙다는 말밖엔 할말이 없습니다.. "
"557","봉오동 전투","10","봉오동 전투난 농담섞인 대사들도 사이다적인 장면들도 다 너무 좋았다 오히려 없었으면 너무 무거워서 지루했을것 같다.. 지금 하는 사자나 엑시트보다 좀 더 인상깊고 재밌었음 "
"558","철벽선생","4","철벽선생선생혼자사는자취방에 학생초대하는거보고 끝났다.. 싶었음 "
"559","망령의 곡","8","망령의 곡그래픽 처리만 잘해서 좀 더 다듬어져서 나온다면 지금 나와도 괜찮을 영화 불교의 차분함과 풍미도 엿볼수있다 "
"560","사자","3","사자제목부터 내용까지, 그리고 결망까지,,,,연기력과 연출은 전혀 별개이다. "
"561","시선","8","시선매우 감동적입니다.  사도 베드로도 예수님 부인 했지만 주님의 용서하심과 회개로 성령충만 받고 선교 사명을 잘 감당했다. "
"562","암전","1","암전블로그 후기보고 괜찬다고해서 봣네 통신사할인받아도  아깝다  그지같은블로거들 홍보좀 그만해라 솔직후기를 쓰라고 인간들아 "
"563","봉오동 전투","9","봉오동 전투아 몰랑 영화 재밌어 대한민국 만세다! "
"564","분노의 질주: 홉스&쇼","2","분노의 질주: 홉스&쇼보고 난 뒤 내가 분노하게 됨... "
"565","봉오동 전투","10","봉오동 전투진짜 꼭 봐야할 영화.. "
"566","주토피아","10","주토피아끝까지 편견에 사로잡혀있는 나를 깨워주려고 노력해준 영화. "
"567","베이컨시","8","베이컨시킬링타임용으로 퍼펙트. 의문점은 여주가 진주만에서 봤던 그 여주가 맞는지? "
"568","그을린 사랑","10","그을린 사랑한 여자의 비극을 사랑이란 단어로 감싸안으려 하는구나...인간은 환경에 따라 인성이 정해 질 수도 있다고 보여진다고 할 수있는 것 같다. 엔딩의 나약한 인간의 본성이 씁쓸하구나... "
"569","엑시트","10","엑시트한국 코미디영화가 촌티를 벗어간다. 군더더기없고 산뜻한 영화들이 많아지는듯. 이젠 헐리웃영화가 더 진부하게 느껴진다. "
"570","쇼생크 탈출","10","쇼생크 탈출와 이 알 수 없는 복잡미묘한 감정이 밀려온다...몰입갑은 쩌는데 볼수록 마음이 차분해지는 영화... "
"571","맥아더 : 일본 침몰에 관한 불편한 해석","1","맥아더 : 일본 침몰에 관한 불편한 해석하 이걸 영화라고... "
"572","존 윅 3: 파라벨룸","4","존 윅 3: 파라벨룸영화인지 게임인지 분간이 안가네...  난 영화를 보고싶은데  자꾸  게임놀이만 해대니 ..시리즈로 평생을 먹고 살겠군 "
"573","패신저스","6","패신저스그래서 왜 먼저 깨어난건데? "
"574","너의 결혼식","2","너의 결혼식결혼식은 왜부르냐 보영아 싸이코패스냐 혹시 "
"575","타짜","10","타짜명작영화 명품배우들 너무 잼있다새벽에 가끔 볼때마다 끝까지 보게된다ㅎㅎ "
"576","기생충","10","기생충영화가 끝나고 각본이 누구인지 찾아본건 처음이였다. 봉준호 머라 표현해야하나 생각대로 생각나지 않는다.. "
"577","타짜-신의 손","2","타짜-신의 손패러디영화같은디? ㅎㅎ "
"578","택시 드라이버","10","택시 드라이버왜 이 미친거 같은 주인공에게 동질감을 느끼는 건가..이 불안한 사회를 주인공에게 투영에 보여주는듯 하다 비지엠이며 어두운 뉴욕의 밤거리 택시 모든게 조화롭다.. 이 영화에서 특히 주인공의 독백은 명대사로 가득하다 "
"579","액트 오브 밸러: 최정예 특수부대","10","액트 오브 밸러: 최정예 특수부대내가 총들고 싸우는줄... "
"580","포비든 킹덤 - 전설의 마스터를 찾아서","10","포비든 킹덤 - 전설의 마스터를 찾아서내 영화인생의 시작작품나중에 또 봐도 재밌는 작품 "
"581","알라딘","10","알라딘그냥 감동자체였다.. "
"582","봉오동 전투","10","봉오동 전투광복절에 보고 왔어요 감사합니다. 보면서 몇번을 울컥했는지.. "
"583","브리짓 존스의 일기","6","브리짓 존스의 일기마크가 브리짓을 좋아하게 된 이유에 대한 설명이 부족해서 설득력이 떨어짐, 처음부터 외모가 마음에 들었었던건가? "
"584","엑시트","2","엑시트삼촌 뛰어!!! 소리 지를때부터 나오고싶었다 "
"585","공조","1","공조노잼과 핵노잼의 공식을 그대로 따르는 영화.  A급 배우들을 써서 C급 영화를 만들어주네. 시간이 아깝다 "
"586","암전","7","암전신선한 공포영화. 공포스럽진않지만 이런 시나리오 전개는 처음 아닌가. 배우들은 백점! 시나리오는 좀 아쉽지만 다른 한국 공포영화들보다는 이게 제일 낫다. "
"587","나랏말싸미","1","나랏말싸미구라로 만든 땡중들의 역사왜곡 "
"588","고질라: 킹 오브 몬스터","8","고질라: 킹 오브 몬스터굇수평점 10점 배우평점 -10점 "
"589","봉오동 전투","10","봉오동 전투이거 보고도 싫어요누르고 별점테러하고 일본차타는 매국노새끼들 일제강점기였으면 OOO마냥 친일짓하다 일본군한테 죽음 쪽팔린줄알아라 자한당이랑 손잡고 일본에서 우익들 엉덩이에 얼굴처박고 뒤지셍 대한민국에서 살고 한글쓸 자격없다 토착왜구들 국적바꾸고 꺼져라 "
"590","분노의 질주: 홉스&쇼","2","분노의 질주: 홉스&쇼이건 분노의 질주가 아니다 "
"591","알라딘","8","알라딘시장에서 만난 자스민을 찾아 성에 숨어든 알라딘은 자파에게 잡혀 가게된 동굴에서 램프의 요정 지니를 만나 알리왕자로 변신해 자스민을 만난다. 허나 그의 정체를 눈치챈 자파가 램프를 가로채고 마법으로 왕국을 차지하려하자 그를 부추겨 램프에 갇히게 만든다 "
"592","시카리오: 데이 오브 솔다도","7","시카리오: 데이 오브 솔다도미국내 자살테러가 터지고 마약 카르텔이 밀입국을 돕는게 드러나자 카르텔간 전쟁을 일으킬 목적에 카를로스 레예스의 딸을 납치해 경쟁조직 짓으로 꾸미는 과정에 매수된 멕시코 경찰까지 사살하자 작전은 취소되고 딸은 처리하란 명령이 떨어지나 불복하고 보호한다 "
"593","파란만장","10","파란만장짧은 런닝 타임에 잘 부합하는 편집기법의 영화 "
"594","아이 엠 넘버 포","4","아이 엠 넘버 포냉면을 시켰는데! 면은 없고, 시원한 국물만 나온 경우!   테레사 팔머는 이때만 해도 잘 나갈뻔한 여배우 였다. 그러나 여기까지 였다. "
"595","분노의 질주: 홉스&쇼","5","분노의 질주: 홉스&쇼이건 분노의질주가 아니니거같은데정말 재미없었다알바천국인듯 "
"596","미스터 소크라테스","7","미스터 소크라테스아무 생각 안 하고 볼 수 있는 B급 코미디 "
"597","분노의 질주: 홉스&쇼","10","분노의 질주: 홉스&쇼스케일대박!!말이필요없음~ "
"598","기생충","1","기생충별로... 딱 중간까지만 보다 결말 땡겨봄이게 천만이라고? "
"599","봉오동 전투","10","봉오동 전투우리나라의 자랑스러운 역사...가슴이 울컥 ㅠㅠ 눈물이 왈칵....감동입니다 "
"600","타짜-신의 손","8","타짜-신의 손1편보단 재미기 많이 떨어진다. 그리고 허광철은 까불이 캐릭터가 빵에 한번 다녀 오더니 왜 갑자기 극단적 엄근진 캐릭이 되버리나... 아무래도 방대한 분량의 원작을 2시간안에 압축 시키려다보니 무리수를 많이 뒀나보다. 그래도 제법 볼만한 영화다. "
"601","분노의 질주: 홉스&쇼","10","분노의 질주: 홉스&쇼분노의 질주가 아닌 분노의 싸움질~ "
"602","갤버스턴","10","갤버스턴뻔한 내용조금 뻔하지 않는 엔딩 "
"603","봉오동 전투","10","봉오동 전투ㄱ꼭봐야하는 영화재미있습니다 "
"604","분노의 질주: 홉스&쇼","10","분노의 질주: 홉스&쇼해임달 어디갔나 했더만 여기서 홉스앤쇼랑 놀고 있었노ㅋㅋㅋ "
"605","자전차왕 엄복동","1","자전차왕 엄복동핵폐기물등급 1등급 ""산업재해"" 급 특별분류등급 7광구급 경보발령 재활용절대불가 상시 비상경계태세 유지를 지속하고 시청자제 보안관리에 총력을 다하기를바람 특히나 영화란 아름다운예술매체에 의미를두고있는 모든 아티스트 분들은 예고편조차도 무시하시길을 권장 "
"606","뺑반","6","뺑반너무 평점낮아 기대안하고 봤다가 나름 괜챦네?하고 봤습니다. 그런데 대체, 공효진은 여기서ㅠ캐릭터가 먼가요??폼만잡다가 끝남..영화찍을때 많이 바빳나???다른작품하면서 알바뛴 느낌이랄까. 보는내내 공효진만 나오면 집중이 분산 ㅠㅠ "
"607","분노의 질주: 홉스&쇼","2","분노의 질주: 홉스&쇼진짜 이게재밌다고?? 분노의질주라는 이름좀 때라 분노의질주6부터 지금까진 더이상 분노의질주가아니다 튜닝카나오고 드래그뛰던 그게 분노의질주지 지금은무슨 미래전쟁 트랜스포머도아니고 오토바이 변하고 자동운전하는건 기가맥히더라 차영화에서 총좀그만들어라 "
"608","암전","1","암전별점 1점도 아까움 서예지  연기개잘하는데 왜 이런영화에 재능낭비..엄복동을 피했는데 암전을 못피했네.. "
"609","나랏말싸미","1","나랏말싸미세종과 한글을 불교에서 만들었다고 선동하는 불교영화를 내놨다가 욕처먹죠. 종교프레임 걸어서 빠져나갈생각 하다가 안되니 알바풀죠? 스티브잡스도 세종도 직접 아이폰과 한글을 안만들었다고 개소리 하다가 인도 외노자 부처도 직접 해탈한적 없다는 소리 듣죠? "
"610","봄","10","봄길게 간다..잔잔하게.. "
"611","분노의 질주: 홉스&쇼","10","분노의 질주: 홉스&쇼재미없단 사람 누구냐 ㅈㄴ 재밌음 "
"612","분노의 질주: 홉스&쇼","10","분노의 질주: 홉스&쇼한국 영화, 거시기 잡고 반성해라. "
"613","버닝","10","버닝교훈을 보기보단 생각의 현실을 봤다 "
"614","존 윅 3: 파라벨룸","7","존 윅 3: 파라벨룸스토리 개막장인데 액션떄문에 7점 줬다 감독이 키아누 너무 뽕 뽑아 먹네 "
"615","기생충","1","기생충부모님이랑 같이 보기 민망함... 정작 15세냐? ㅉㅉ "
"616","브링 더 소울 : 더 무비","10","브링 더 소울 : 더 무비항상 응원해요! 항상 힘내세요! "
"617","암전","1","암전곧 토렌토에 올라온다 무조건.. 개연성없구 노잼임 "
"618","엑시트","8","엑시트조정석의 연기력이 정말 좋았다. 뻔한 결말이지만 뜀발질을 따라가는동안 영화에 계속 집중하게 되는 점이 괜찮았음 "
"619","엑시트","8","엑시트생각없이 보자 그럼 8점이 딱 "
"620","유랑지구","7","유랑지구그래픽은 좋구요 내용은 힘내주세요 "
"621","엑시트","10","엑시트처음부터 끝까지 너무 웃겨서 눈물이 났어요ㅋㅋㅋ진짜 안봤으면 후회할뻔ㅋㅋㅋ 웃픈영화네요ㅎㅎㅎㅎ "
"622","청년경찰","1","청년경찰불편함. 할 말 많지만 너무 길어서 그냥 이런 영화 재밌다고 생각하면 여성학을 공부해 보길 바람. "
"623","엑시트","10","엑시트유쾌하고 깔끔하다 재난영화 그리 안좋아하는데 극본도좋고 조정석과 김지영연기도 좋고 윤아 노력하는거보이고 영화본후 기분이 상쾌 깔끔하다 "
"624","걸캅스","2","걸캅스진짜살다살다 처음부터 끝까지 쓰레기인 영화처음봄 "
"625","봉오동 전투","1","봉오동 전투이거 19세 달아야되는데..? "
"626","분노의 질주: 홉스&쇼","10","분노의 질주: 홉스&쇼안봐도 잼을듯 ㅎㅎㅎㅎ "
"627","나랏말싸미","1","나랏말싸미심각한 역사왜곡으로 이런 영화를 심의에 통과시켜준 관계자들 정말 실망스럽고 이런 영화를 수출까지 한다니 정말 토착왜구가 따로 없을 지경 입니다. 정말 실망스러운 영화가 아닐수 없으며 송강호와 박해일 배우는 출연결정 전에 시나리오 봤을텐데 실망입니다. "
"628","봉오동 전투","10","봉오동 전투존경스러운 독립군들....편히쉬소서..감사합니다 "
"629","이타미 준의 바다","10","이타미 준의 바다가장 좋아하는 영화가 되었습니다 "
"630","엑시트","10","엑시트윤아 찍다가 힘들어서 울었다더니 진짜 그럴만하더라 와 배우들 개힘들었겠다는 생각 계속했다.. 영화 재미있음ㅋㄱㅋㅋ "
"631","화려한 휴가","1","화려한 휴가전두환 대통령님 존경합니다! "
"632","분노의 질주: 홉스&쇼","10","분노의 질주: 홉스&쇼여주 베네딕트 닮음 ㅋㅋ 근데 예뻐 ㅋㅋ "
"633","콜리션","3","콜리션이게뭐냐 초반 10분 빼고는 나머지 다 엉성,,, "
"634","봉오동 전투","1","봉오동 전투불면증 치료받고 싶으신 분들은 꼭 보러가세요. "
"635","봉오동 전투","10","봉오동 전투보기전에  등록 ㅋㅋㅋㅋ "
"636","타짜","10","타짜하 .. 매 해년 마다 두번씩은 보는것 같다.. "
"637","푸시","7","푸시재밌고 몰입감 있는건 좋은데 스토리가 너무 누가 누구편인지 모르게 짜놨음..;; 보고 나서 이전거 생각하면 이해가 잘 안됨 재밌긴함 근데 가족다죽고 주인공은 가족죽엇는데 마지막 딸이 엄마랑 주사기 바꿀꺼냐 생각해본다가 말이냐..ㄷ..ㄷ ㅣ "
"638","나를 차버린 스파이","8","나를 차버린 스파이가슴 죽이네ㅋㅋㅋㅋ 고마워요 "
"639","봉오동 전투","10","봉오동 전투독립을위해  목숨을 아끼지 않으셨던 분들덕분에  우리가 이렇게 살수있음에 감사합니다 "
"640","어린 의뢰인","10","어린 의뢰인주변에 무관심하지않았는지 다시 한번 되돌아보게되는 영화 "
"641","엑시트","6","엑시트명절감성으로 허허~웃고 마는 영화OCN에서 틀어놓고 밤 까기 좋은 영화 "
"642","봉오동 전투","10","봉오동 전투진짜 재밌어요 인생작되서 2번봤어요!! "
"643","너의 결혼식","10","너의 결혼식내 첫사랑은 잘 살고있을까?하는 생각을 하게 만든영화너무우울하다 "
"644","텐: 시크릿 미션","2","텐: 시크릿 미션아 이런 3류에도 못 미치는 cg와 액션은 좀 거르고 보세요. "
"645","기생충","9","기생충특별히 과장되지도 않게 오늘 우리가 살고 있는 세상 모습을 담은 영화. 세계적으로 인정받는 큰 상을 탔다니 더 자랑스럽네요. "
"646","브링 더 소울 : 더 무비","10","브링 더 소울 : 더 무비너무 감동이고 멋있어서 3번볼정도 입니다어제보다 더,내일보다 덜 사랑합니다. "
"647","허밍버드","2","허밍버드제이슨 스타뎀 스타일의 문제나 기대했던 액션의 유무가 아님 "
"648","생일","10","생일평생 잊지 않겠습니다~전혀 과장되지 않고 가족의 소중함을 다시 한번 깨닫게 하는 영화네요~ 전도연씨는 극중 캐릭터에 맞게 여배우임에도 불구하고 잡티가 다 보이고 눈썹도 그리지 않은채 정말 리얼 그자체로 연기하셨네요~정말 명배우십니다~ "
"649","봉오동 전투","10","봉오동 전투우리가 일본에 분노할 명분이 이렇게나 많은데, 무릎꿇고 사죄해야할 그들이 오히려 우릴 배제하고 미워하는건지. 자신들이 벌인 일을 인정하기가 부끄러워 열등감에 쩌들어 그러는거라고 밖에는 생각이 들지 않네요! 영화로나마 속 시원했습니다!!! "
"650","호빗: 다섯 군대 전투","9","호빗: 다섯 군대 전투대장정의 마무리. 이제 무슨 영화를 기다리는 재미로 사나라는 생각이 들었다. 아쉬우면서도 재미있던 영화 "
"651","분노의 질주: 홉스&쇼","8","분노의 질주: 홉스&쇼런던과 사모아에서의 차량액션신은 진짜 감동이었다. 다만 드라마적 요소가 중반부에 산재해있어 조는 사람도 있었던 듯... "
"652","엑시트","1","엑시트갑분드(갑자기 분위기 드론). 주인공이 생사를 걸고 몸부림치는 와중에 갑자기 드론 등장해서 그 장면을 방구석에서 축구 보듯 생중개하는  게 너무 사이코 같아서  불쾌했다. 개연성이 없으면 재미라도 있던가. "
"653","분노의 질주: 홉스&쇼","10","분노의 질주: 홉스&쇼와우 작은걸루 한잔만줘 ~얼마나했어?  신참이거같은데? ㅋㅋㅋ분노의질주보는이유!! "
"654","배심원들","9","배심원들누군가에게 죄가 있다고 의심되는 순간에도 혹시나 죄가 없을 수 있다는 생각을 다시, 다시 또 한번 해봐야겠다는 생각을 해야겠습니다. "
"655","태극기 휘날리며","10","태극기 휘날리며자유민주주의를 수호해주신 모든 국군분들과 미군.un 참전용사 님께 감사드립니다.. "
"656","늑대아이","2","늑대아이....급전개에 구멍난 얘기에 감동도 없음. 훨씬 좋은 일본 애니메이션들만 보다가 이걸보니 할말이없다 "
"657","봉오동 전투","10","봉오동 전투감사합니다 이 영화를 만들어주신 감독님도, 보는 사람마저 이입하게 만드는 많은 배우분들도, 그리고 이러한 역사를 있게한 수많은 독립운동가분들 정말 감사합니다 더욱더 뜻깊게 느껴졌습니다 영화보면서 많은 생각들을 했습니다 늘 감사하며 살겠습니다 "
"658","똥파리","5","똥파리우리가 보지 못했던 아니 보지 않으려 했던 인생의 바닥에서야 보이는 것들.. 사회의 안좋은 잔재들은 결국 더욱더 곪아가 안에서부터 썪어 들어간다. "
"659","비스티 보이즈","10","비스티 보이즈내가 속이고 있기 때문에 남을 믿을 수 없는 화류계의 딜레마 "
"660","눈길","10","눈길지금 보는데 눈물이...가슴이 먹먹해요 "
"661","눈길","10","눈길지금 보는데 눈물이...가슴이 먹먹해요 "
"662","눈길","10","눈길지금 보는데 눈물이...가슴이 먹먹해요 "
"663","봉오동 전투","3","봉오동 전투기대가 커서 그런가 생각보다 별로였어요. 원래 좋아하지 않는 장르인데 의미있는 역사적사건을 다룬 영화라 개봉 전부터 관심 가졌는데 혼자 보다가 잔인한 장면들이 많아서 보기 힘들었어요 "
"664","사자","10","사자두번 보고 싶은 영화 강력 추천해요 "
"665","봉오동 전투","10","봉오동 전투진짜 대박이에요 ㅠ 꼭 보세요 ! "
"666","존 윅 3: 파라벨룸","8","존 윅 3: 파라벨룸존성님 4탄에서 또 뵙게되겠네요~ "
"667","미나문방구","1","미나문방구표절이라니 내 감동 물어내 "
"668","악인전","10","악인전악인전.생각보다.영화괜찬네요 "
"669","호크니","8","호크니각종 블로그나 기사 등 짧은 지식의 울나라 인터넷사이트에서는 접할수 없었던 작가의 삶에 대해 몰랐던 부분을 채워주는 영화 "
"670","타짜","10","타짜영화를 거의 아트의 경지로 만든 물아일체의 경지. "
"671","암전","10","암전서예지님 연기 너무 잘하십니다 보다가 갑자기 감자별도 떠올라서 조금 ㅋㅋㅋ했는데 워낙 연기베테랑이라 그런지 다시 몰입해서 연기력 잘 감탄하고 나왔습니다 "
"672","암전","2","암전게쓰레기..역대 최악영화 내돈주고 안봐서 다행 "
"673","혐오스런 마츠코의 일생","10","혐오스런 마츠코의 일생사람이 대단하게 느껴질땐 받을때가 아니라 줄때가 아닐까. 마츠코는 받은 것 하나 없이 자랐지만 자신의 모든것을 내주며 살았다.여러가지 감정이 지나가게 만드는 영화. "
"674","분노의 질주: 홉스&쇼","8","분노의 질주: 홉스&쇼나쁘진 않았는데 그냥 뭔가 시원시원한 분노의 질주 특유의 느낌이 없었던듯요, "
"675","봉오동 전투","10","봉오동 전투실제로는 더욱 치열하고 처절했을 것이다. 억지 눈물 짜내기가 없어서 더욱 좋았다. 잊지말자! 오늘도 광화문에서는...토착왜구들아 제발 사라져라. "
"676","터미널","10","터미널최고의 영화다 진짜 펑펑울었다 ㅜㅜ "
"677","진범","9","진범배우는 처음보는데 연기 리얼하게  잘하고 생각보다 훨씬 잼나네요 "
"678","봉오동 전투","10","봉오동 전투조조로 보고 왔는데 매번 영화 볼 때마다 푹 주무시던 엄마가 재밌다고 보시더라구요. 모든 배우분들 연기가 좋았지만 특히 류준열 배우님이 너무너무 멋있었습니다! 질 좋고 재미 좋은 영화 감사합니다 "
"679","분노의 질주: 홉스&쇼","10","분노의 질주: 홉스&쇼올해 들어서 봤던 영화중 최고의작품 "
"680","봉오동 전투","10","봉오동 전투대한민국만세~~~!!!! "
"681","봉오동 전투","10","봉오동 전투역사에 마음이 숙연해 진다 "
"682","밀정","10","밀정나라팔아먹은 친일놈들의후손들은 지금도 잘먹고잘살고 있다는세상이 열빧치고가슴아플뿐이다!!! "
"683","봉오동 전투","10","봉오동 전투진짜 꼭봐야할영화 알고있었지만 다시 깨우치게 만드는 영화현실은 영화보다 더 심했겠지대한민국 최고^^ "
"684","어벤져스: 엔드게임","10","어벤져스: 엔드게임내 인생 영화는 엔드게임 "
"685","너의 결혼식","10","너의 결혼식인생영화 리스트 추가네요 "
"686","암전","1","암전삼류 에로영화 수준의 대사랑 연기임.초반에 대사 두세번만 들어도 딱 감이옴.통신사할인받아서 반값에 봐도빡침. "
"687","존 윅 3: 파라벨룸","1","존 윅 3: 파라벨룸콘스탄틴, 매트릭스를 쓰까묵다 대머리 니뽄섞어서 개망함 각종 짱깨 동남아 유럽짱깨 다튀어나오고 뒤뚱뒤뚱 존윅에게 합맞춰주는게 보이는데 그게 그대로 나오는 영화 자체가 유머. 1,2,3이 같은 감독이란게 유머. 이딴 영화에 별10개 댓글? 역시조작의나라 "
"688","나랏말싸미","8","나랏말싸미세상의 모든 진실은 당사자와 하늘 밖에 모르는 법. 타인은 각자의 능력과 지능대로 취합하여 판별할 뿐이다. 영화의 주장은 틀릴 확률이 아주 높은 소수설일 뿐이다. 역사왜곡 가능성보다 더 역겨운 건 지들 종교가 전부라 착각하는 모 종교인들의 빠순이짓이다 "
"689","김복동","10","김복동할머님. 너무 늦게 알아서 정말 죄송합니다. 부디 행복하고 건강하세요. "
"690","분노의 질주: 홉스&쇼","5","분노의 질주: 홉스&쇼진짜 너무 지루하고 한영화에서 같은 내용만 3번 본듯,, 분노의 질주가 가족영화였다니,, "
"691","분노의 질주: 홉스&쇼","9","분노의 질주: 홉스&쇼스트레스 해소 및 킬링 타임용으로 아주 잘 만든 영화네요. 재밌습니다. "
"692","분노의 질주: 홉스&쇼","6","분노의 질주: 홉스&쇼액션신은 볼만하지만 개연성이조금 떨어져서 아쉬웠음 그냥 생각없이 보기 좋은영화 "
"693","봉오동 전투","10","봉오동 전투대한민국을 위해 싸워주신 독립운동가 분들 정말 감사하고 존경합니다..잊지 않겠습니다 "
"694","봉오동 전투","10","봉오동 전투감사합니다 정말.. 열심히 살겠습니다 "
"695","암전","1","암전빵쩜드릴께요죄송해요 "
"696","미 비포 유","10","미 비포 유진짜 인생영화입니다 ㅠㅠ "
"697","안녕, 티라노: 영원히, 함께","4","안녕, 티라노: 영원히, 함께6살딸래미랑봤는데 공룡소리도 무섭고 영상미와 내용도 그닥이였어요... "
"698","봉오동 전투","10","봉오동 전투요즘 시기에 대한민국 국민이면 무조건 봐야하는 영화~  강추~♡♡♡ "
"699","존 윅 3: 파라벨룸","8","존 윅 3: 파라벨룸끼 부리지 않는 정직한 액션의 연속. "
"700","봉오동 전투","1","봉오동 전투정말 영화보는 내내 정리되지않은 어린애 망상을 보는 줄 알았습니다.명량같은 훌륭한 역사영화를 기대했는데 이영화는 캐릭터들조차 경우가 없더군요. 억지로 짜서 만든 캐릭터, 억지로 짜맞춘 스토리, 어줍잖은 상황극같은 주연들의 이야기.도대체 뭡니까? "
"701","아메리칸 갱스터","10","아메리칸 갱스터내가 본 갱영화중 최고다 "
"702","엑시트","9","엑시트생각없이 보면 즐거운 영화, 잘 보았습니다. "
"703","봉오동 전투","10","봉오동 전투광복절에 봤는데 정말 보길 잘했다는 생각이 듭니다. 독립운동가 분들 존경합니다 "
"704","봉오동 전투","10","봉오동 전투개봉하기전 친일파들의 가짜뉴스로 나도 봉오동전투 안볼뻔했다..광복절에 이영화를 보고 정말 일본하고는 절대로 친구가 될 수 없으며 일본군인도 평범한 일본인이 군인이 된거지 군인으로 태어난 일본인이 아니다.  정말 다들 꼭 봐야하는 영화다.. "
"705","봉오동 전투","10","봉오동 전투의미 있음과 재미를 모두 갖춘 좋은 영화임에 틀림 없습니다. "
"706","라이온 킹","6","라이온 킹보다가 잠들었다... "
"707","마이펫의 이중생활2","10","마이펫의 이중생활2나는 일편보다 더 재밈ㅅ게 봤는데ㅠㅠ하 진짜 너무 귀여움 ㅠㅠ "
"708","분노의 질주: 홉스&쇼","6","분노의 질주: 홉스&쇼외전으로는 그럭저럭 볼만은 한테. 뭔가 많이 아쉽네요. "
"709","엑시트","10","엑시트울다가 웃다가ㅋㅋ. ...정말 재미있게봤어요~초딩아들도 넘 잼있게봤다네요^^ "
"710","나랏말싸미","2","나랏말싸미1점도 아깝습니다 여러가지 가설을 정설과 상당히 잘 섞어 놔서 보는 저도 내내 헷깔릴정도....ㅋ 저도 모태신앙이 불교긴 한데 이건 아니잖아요 세종대왕님 진짜 화나서 일어나시겠네ㅡ..ㅡ "
"711","롱 리브 더 킹: 목포 영웅","2","롱 리브 더 킹: 목포 영웅김래원과 진선규의 캐리하는 연기력 말고는 개연성이라고는 1도 없는 영화임 그냥 이해하기를 포기 하고 보면 괜찮음 "
"712","분노의 질주: 홉스&쇼","10","분노의 질주: 홉스&쇼훌륭합니다 최고의 액션이에요 "
"713","엑시트","10","엑시트기대했던만큼 재미있었다 "
"714","봉오동 전투","10","봉오동 전투무거운 총을 메고 이렇게나 잘 뛸수 있기까지 얼마나 힘들었을지, 많은 ‘그 분들’의 간절함이 모든 사람들이 자유롭게 살수 있는 대한민국을 되찾아준거 같습니다. 모든 독립운동가 분들께 정말 감사합니다. 이젠 저희가 남은 독립운동가 분들을 지키겠습니다. "
"715","스파이더맨: 파 프롬 홈","9","스파이더맨: 파 프롬 홈스파이더맨 마블 포에버 "
"716","저스티스 리그","2","저스티스 리그슈퍼맨을 어렵게 섭외해서  인적드문 동내 뒷골목으로 데리고가 양아치 한명 혼내준  영화 "
"717","엑시트","10","엑시트간만에 시원하게 웃게되는 영화인듯 조정석 윤아 연기가 아주그냥 찰떡임ㅋㅋㅋ 엑시트 추천!!! "
"718","걸캅스","10","걸캅스편하게 즐겼네요 많이.웃었구요 "
"719","신과 함께 가라","10","신과 함께 가라한가롭게 뒹굿ㄴ고 있는겨???!2ㅋㅋㅋ "
"720","기묘한 가족","7","기묘한 가족가볍게 즐길만한 좀비영화 "
"721","브링 더 소울 : 더 무비","10","브링 더 소울 : 더 무비말이 필요없다. 보는 내내 기분 좋은 영화. "
"722","암전","5","암전배우들의 연기는 끝내준다 근데 그게 다인 영화 그외는 1점 주기도 아까울정도 "
"723","주전장","10","주전장상영관좀 늘려줘요!!이건 꼭 봐야해 "
"724","분노의 질주: 홉스&쇼","8","분노의 질주: 홉스&쇼카세이싱과 바이크 액션은 분노의 질주의 빠질수 없는 부분이라 역시 좋았고 스케일도 분노의 질주 시리즈 답게 커서 시원시원했다.근데 악당을 진짜 블랙 슈퍼맨을 만들면 어쩌자는거;;다음 상대는 AI?시리즈스토리는 이상해져가지만 시간 잘갔다.바네사커비의발견 "
"725","봉오동 전투","10","봉오동 전투대한민국 국민이라면 꼭 한번 보세요.평점을 남겨본적이없는데..시기가 시기인 만큼 더 가슴아팠고 우리나라를위해 목숨걸고 싸우신  독립운동가분들에게 감사함을 알게되는 영화입니다.덕분에 좋은 세상에서 살고있다고  다시 한번 느껴봅니다. "
"726","범죄도시","10","범죄도시윤계상 연기대박!!! "
"727","나랏말싸미","1","나랏말싸미아무리 영화라기엔.. ㅡㅡ "
"728","러브픽션","10","러브픽션하정우가 나랑 너무 닮아있어서 보는 내내 안심이 되었다 "
"729","무뢰한","10","무뢰한클레멘타인 이후로 최고의 영화 "
"730","혐오스런 마츠코의 일생","10","혐오스런 마츠코의 일생또 보고 싶습니다 이걸 왜 이제서야 봤을까요 "
"731","암전","1","암전너무 진부한 영화 무서운 포인트를 하나도 못느낌..개연성도 없고 그냥 서예지가 연기를 잘한다. 끝 "
"732","나랏말싸미","10","나랏말싸미나는 역사왜곡을 벗어나  훈민정음이라는 주제로 이런 예술적인 영화가 탄생할 수 있다는 것 자체가 훌륭하다 카메라컷이나 고려의 불교, 조선의 유교를 비교하며 나타내는 그 시대의 정서. 오늘날의 야당 여당의 쟁점의 위치에서 바라볼 때 굉장히 재밌게 봤다 "
"733","봉오동 전투","10","봉오동 전투꼭 봐야하는 영화,,입니다ㅠㅠ "
"734","엑시트","10","엑시트ㅈㄴ짜 너무너무너무 재미있암 진짜 강추 "
"735","봉오동 전투","10","봉오동 전투최고입니다!!! 나라를 위해 희생당한 분들께 감사의 마음을 전합니다. "
"736","알라딘","9","알라딘여주 스타성 쩐다. 대단한 미녀이기도 하고 너무 귀엽네 처음에 보자마자 맘에 확 드는 그런 사람. 노래도 끝내주게 잘함. 갑분 뮤지컬은 당황스러웠지만 상황에 잘 녹아들고 재밌는 요소가 되는듯. 아라비아 배경인데 유럽인 주인공은 옥의티. 겨울왕국급 명작 "
"737","스파이더맨: 뉴 유니버스","10","스파이더맨: 뉴 유니버스진짜 충격적 애니메이션..이걸 지금 보다니. 영화관에서 볼 걸 후회중ㅠ "
"738","악질경찰","2","악질경찰쓸데없이 길긴 왤케 길어 창의성도 없이 "
"739","마담 프루스트의 비밀정원","10","마담 프루스트의 비밀정원지인을 추천으로 보게된 영화로 보는내내 참으로 기분좋았던 영화 "
"740","엑시트","10","엑시트소재도 신선했고 연기도 좋았고 신파도 없어서 좋았어요! "
"741","봉오동 전투","1","봉오동 전투국익은 뒷전이고 반일선동 지지율 그리고 흥행을 위해서 독립군까지 팔아먹는 후손들 보면 독립군조상들이 어이구 우리후손들 고맙다라고 하겠다.ㅡㅡ 지금이 무슨 일제시대도 아니도 언제까지 과거에 발목잡혀 질질짤레??? 이 "
"742","곰돌이 푸 다시 만나 행복해","10","곰돌이 푸 다시 만나 행복해푸얼굴보니까 너무 슬펐다 "
"743","봉오동 전투","10","봉오동 전투꼭보세요 대한독립만세 자랑스럽습니다 "
"744","분노의 질주: 홉스&쇼","5","분노의 질주: 홉스&쇼너무 하고 싶은 게 많은데 하필 ‘질주’ 빼고 다 했네 "
"745","나랏말싸미","5","나랏말싸미후반들어 급늘어지고 전체적으로 밋밋함.모 그래도 쥐어짜는 신파가 없어서 좋네 "
"746","봉오동 전투","10","봉오동 전투엔딩크레딧때 박수쳤어요,, 독립군에 반했습니다. 선조들에게 감사했고, 대한민국의 국력을 높이기 위해 작은 힘이라도 더 보태야겠다는 생각을 했습니다. 선조들이 어렵게 이뤄낸 독립, 민감한 이 시기에 우리나라가 한 힘으로 잘 돌파할수있기를 빌어요..! "
"747","엑시트","10","엑시트진땀나게 하는 영화.클리프 헹어 같은느낌이지만.. 유쾌한 영화.연령 무관하게 즐겁게 볼수있는영화조정석님엄지척 "
"748","알라딘","10","알라딘오늘 보고 왔어요 너무 흥이나고 신나요 영화보고 덩달아 기분 좋아져서 나왔어요. 한번 더 보고 싶네요 너무너무 즐거운 영화에요 추천 "
"749","봉오동 전투","10","봉오동 전투영화 잘 만들었음 추천 , 지금도  진행형 잊지말자 꼭 "
"750","맨 인 블랙: 인터내셔널","6","맨 인 블랙: 인터내셔널조그마한 외계인이 제일 재미있는 영화 "
"751","항거:유관순 이야기","10","항거:유관순 이야기죄책감에 부끄럽습니다. 보는내내 가슴이 먹먹하고 아팠습니다. 유관순 열사님 감사합니다.  보람되게 열심히 살겠습니다 "
"752","밀리언 달러 베이비","10","밀리언 달러 베이비마초적인 시대를 평정한 배우가 만들어내는 고결한 영화들이란.... "
"753","봉오동 전투","10","봉오동 전투항상감사드립니다. 항상생각 하겠습니다. "
"754","봉오동 전투","10","봉오동 전투연기력 몰입감 굿굿굿굿 "
"755","사바하","10","사바하간만에 본 한국영화 수작.. 평점 낮게준애들 딴지거는거 보니까 아예 영화를 이해를 못하는 것 같은데 유튜브가서 해석영상이라도 봐라... "
"756","레드슈즈","10","레드슈즈한국 애니의 퀄리티를 상승시킨 역작 "
"757","마션","8","마션극장에서 본지 오래되서 그 때 기억은 잘 안나지만.. "
"758","엑시트","10","엑시트경각심이 생기네요. 집근처에 화학공장이 많은데... "
"759","캡틴 마블","1","캡틴 마블페미고뭐고 다빼고봐도 재미가없다...유머도 액션도 볼만한게없다 치고박고라도 하던가 그냥 주먹뻗고 빔나가는게 끝이네 "
"760","분노의 질주: 홉스&쇼","5","분노의 질주: 홉스&쇼두시간동안 허세와 똥폼만 잡는 영화 "
"761","봉오동 전투","1","봉오동 전투발전없는 머리빈 조선 딴따라들의 국뽕 자위 대잔치. 딴따라들은 역사고증 이딴거 필요없고 선동으로 돈만벌면된다는 생각. 절망적인건 이런 저질영화 돈주고 보는개돼지들. "
"762","봉오동 전투","10","봉오동 전투현 상황에 역사를 돌아보며 우리 독립운동가 선조님들의 의지와 용기에 눈물을 흘릴수 있는 최고의 영화. 소름 돋지 않을수 없습니다... 모든 독립운동가 분들 존경에 존경을 표합니다. 그리고 감사합니다. 대한독립만세 "
"763","애나벨 집으로","9","애나벨 집으로무서운 장면이 크게 많지는 않았고 무난했던 것 같음 "
"764","봉오동 전투","5","봉오동 전투국뽕으로도 극복할 수 없는 어설픔 "
"765","굿바이 썸머","3","굿바이 썸머당췌 무슨 영환지,, 그나마 짧아서 다행 "
"766","존 윅 3: 파라벨룸","10","존 윅 3: 파라벨룸영화 컨셉부터 액션까지 완벽해 "
"767","인면어: 저주의 시작","6","인면어: 저주의 시작공포물로 시작한 퇴마물 "
"768","월드워Z","10","월드워Z몇번을 본건지 모르겠다...좀비 영화 중에선 끝판왕인거 같다... "
"769","존 윅","10","존 윅국뽕OOO 영화 땜에 10점 "
"770","사일런스","8","사일런스발암 덩어리들 많이 나오니까 마음의 준비를 하고 봐야됨.. 보면서 욕이 저절로ㅋㅋㅋ 재밌는데 결말이 진짜 아쉽네요 갑자기 끝내버린 느낌 뜬금없음. 똥싸다 끊긴거 같음ㅋ "
"771","레드슈즈","9","레드슈즈나쁘지 않았어요. 약간 스토리가 지루한 감이 있지만... 나중엔 괘안았어요. "
"772","봉오동 전투","1","봉오동 전투정말 재미가 없어요 ....정말 재미가 없어요 정말 ... "
"773","암전","10","암전무서운게 안끝나!공포영화다신안봐 "
"774","분노의 질주: 홉스&쇼","6","분노의 질주: 홉스&쇼더락행님 헬기  잡아끌때 나만 캡틴 아메리카 생각남? "
"775","엑시트","10","엑시트신파 없고 발암캐 없다. 그냥 달린다. 계속 달린다. "
"776","변산","1","변산이준익 감독 왕의남자는 진짜 운이었나변산 보고 무슨 이딴영화가 있지 생각했는데 이준익감독이라니 "
"777","나랏말싸미","1","나랏말싸미재미 없던 찬라 세종대왕님이 눈꺼풀을 닫아주셨는지  한 숨 푹자고 일어나서 역사왜곡 조차 몰랐습니다. "
"778","봉오동 전투","10","봉오동 전투아이들과 함께 꼭한번 봤으면 하는 영화중간중간 잔인한 장면들이 나와서 아직 초딩인 아들눈을 몇번 가렸었는데 실제로는 이보다 더 잔인하고 참혹하게 우리국민들을 살해하고 고문했다는걸 생각하니 분노가 치민다.위대한 독립운동가 우리 조상님들 자랑스럽습니다. "
"779","나니아 연대기: 새벽 출정호의 항해","10","나니아 연대기: 새벽 출정호의 항해완전 빠져서 3편 다 봤네요너무너무 재밌어요학창시절에 읽었던 나니아 연대기 책을 떠올리게 해준 추억의 영화~ "
"780","김복동","10","김복동할머니 항상 기억하겠습니다. 절대로 잊지 않겠습니다. 부디 평안하시길 바랍니다. "
"781","항거:유관순 이야기","4","항거:유관순 이야기솔직히 배우들 연기 너무 별로였고 연출은 연극 보러 온거같았습니다 차라리 연극으로 만들지 그랬어요.. 유관순 열사님 영화라고 해서 봤는데 너무 기대 이하네요 유관순 열사님에 대한 영화를 저렇게 못만들다니... "
"782","분노의 질주: 홉스&쇼","5","분노의 질주: 홉스&쇼그냥 딱 5점짜리영화..쓸데없는 농담 너무많음 농담만 한30분하는듯액션신은 멋짐 근데 그게다다 "
"783","범죄도시","10","범죄도시오랜만에보는데재밌네ㅋㅋ "
"784","당신, 거기 있어줄래요","10","당신, 거기 있어줄래요I miss you so much "
"785","피터팬","3","피터팬왜 평점이 높은지 이해가 안 감... "
"786","기생충","10","기생충자칫 칙칙한 비급 독립영화가 될 뻔한 내용을 위트와 풍자로 살려 명작을 만들고야 마는 봉감독연출력에 박수를 보낸다.결말도 다행스런 선택! "
"787","플로리다 프로젝트","10","플로리다 프로젝트첨에는 철부지 미혼모때문에 그녀의 안좋은 행동들이 아이에게도 악영향을 끼친다고 단정짓고 색안경을 꼈었다.그런데 계속보니까 사실 미혼모도 애들을  데리고 디즈니를 가는 가족처럼 무니를 사랑하고있었다다만 그녀에게 돈이없었을뿐.잔잔하게 잔인한현실을 보여준다 "
"788","기생충","4","기생충피해의식 가득한 사기꾼들과 살인자, 범법자들의 핑계를 길게 늘여논 영화. 개인적으로 공감이 하나도 되지 않았다. "
"789","나랏말싸미","1","나랏말싸미으휴....할말이없다 "
"790","봉오동 전투","1","봉오동 전투영화 자체 완성도가 너무떨어집니다ㅠㅠ "
"791","김복동","10","김복동할머니  앞에서 우리는 모두 죄인입니다. 사과 꼭 받아내겠습니다.. "
"792","접속","9","접속엔딩이 클라이막스였던 영화 ㅎㅎ  러닝타임은 살짝 지루했는데 마지막장면에 심장이 쿵쾅 "
"793","더 폴: 오디어스와 환상의 문","10","더 폴: 오디어스와 환상의 문타셈 싱의 역작. 세상에서 가장 사랑스러운 아이와 가장 아름다운 시절의 리페이스가 만나 극사실주의적이면서도 초현실적인 영화. 아니, 극도로 아름다운 영화! "
"794","암전","2","암전귀신언니 Asmr 잘하실듯 "
"795","엑시트","10","엑시트손에 땀흘리며 봤네요~ 개꿀잼~ "
"796","50가지 그림자: 해방","8","50가지 그림자: 해방그냥 볼만함 야한것보다 스토리가 좋음 "
"797","엑시트","10","엑시트여기에 평점알바도 있나요?..굳이 안써도 평점 좋을텐데진짜 윤아 조정석 찰떡궁합 너무너무 잘봤어요초반부터 빵터치고 마지막까지 감동만 전해준....재난영화 중 가장 최고였던 거 같아요ㅠㅠ감사해요 이런 잼난 영화 만들어주셔서... "
"798","알라딘","10","알라딘너무 아름다웠다. 자스민 개이쁨 "
"799","봉오동 전투","10","봉오동 전투광복의날.. 정말뜻깊게봤어요 여기출연하신 일본인배우분들도 돈을 떠나 대단하다고 느껴져요ㅠㅠ "
"800","봉오동 전투","8","봉오동 전투영화적으로만 보면 엄청까지는 아니고, 그냥 괜찮은 영화인 것 같습니다. "
"801","공포의 묘지","8","공포의 묘지재밌기만 하고만 디스만 하는 애들은 뭐임그냥 심심풀이로 보기 딱 인데 공포영화에서 뭘 바라냐? "
"802","봉오동 전투","10","봉오동 전투꼭 보세요먹먹하네요그리고 우리나라가 정말 강해졌음 좋겠습니다 "
"803","분노의 질주: 홉스&쇼","10","분노의 질주: 홉스&쇼진짜 요즘 이렇게 액션 시원한 영화도 잘없다... 속시원함!!! "
"804","봉오동 전투","10","봉오동 전투역사시간에 배운 내용너무너무너무 뭉클하고 자랑스러워ㅠㅠ가슴이 뜨거워지는 영화예요!독립군들이 얼마나 힘들게 싸워주셨는지..감사합니다 출연해주신 한일배우분들도!많은 사람들이 봣으면 좋겟어영광복절날 봐서 더 마음이 아프고 뜻깊네여!빨랑 일본 사과해! "
"805","나랏말싸미","1","나랏말싸미설마하면서 평점높은순 눌렀는데..역시OOOㄷ많네..그래 영화는 영화지. 근데 역사란장르는 다르지 영향력이 있는데 세종대왕의 업적을 훼손하며후손들이 어떻게 생각할진 생각안해봤냐? 어휴.. "
"806","분노의 질주: 홉스&쇼","10","분노의 질주: 홉스&쇼역시 분노의질주는 배신 하지않는군요 최고에요! "
"807","컨택트","10","컨택트크.. 이런게 공상과학영화지 "
"808","분노의 질주: 홉스&쇼","10","분노의 질주: 홉스&쇼이 영화 안 본사람 없게 해주세요?♂? 시리즈 다 못보신분들도 괜찮아요! 다 보면 더 좋습니다♥ "
"809","김복동","1","김복동김복동 vs 엄복동 희대의 박빙 ㅋㅋ 정보) 엄복동은 뜬금없이 셀트리온에서 지원제작한 반일 선동 영화로 배후에는 그 재앙이 있을 수 있다 "
"810","김복동","1","김복동누가보면 3천만 영화인줄알겠다 현실은 애국자가 4만명뿐이네? 2천만명은찍어야 반일 애국이지? "
"811","암전","6","암전소재나 스토리라인은 좋았는데 개연성이나 공포적인 부분에서 많이 아쉬운거같아요 "
"812","존 윅 3: 파라벨룸","1","존 윅 3: 파라벨룸영화에 비해 평점이 너무높네 "
"813","엑시트","10","엑시트옥상문열때 영화관 사람들 다같이 박수침  초딩생과 같이봐도 부담없는영화 "
"814","엑시트","10","엑시트윤아의 재발견이될 영화.. 윤아야 고생했어 "
"815","봉오동 전투","1","봉오동 전투이거 재밌다고 하는 인간은 예수회단원말곤 단언컨데 없다 진짜 이게 평점10찍히면 다른재밌는영화들은 평점 80도가능 진짜 재인이세력한테 또 속앗다 사노맹 노사시가 법무부장관하는나라가 정상이냐? 법면허도없는사람이 법장관이라니 "
"816","엑시트","6","엑시트고층건물 암벽등반 마냥 파쿠르 할때 처음에는 스릴감 쬐금 있는듯 하다가 나중에는 전혀없음.저런 상황에 긴장감 제로. CG효과 및 뷰 역시 20년 넘게 아나바다 정신의 우리나라 영화.저런 상황에 드론?시간가는 줄 몰랐던게 신기. 배우들의 연기 덕? "
"817","기생충","10","기생충영화 스토리와 결말 그리고 감독의 고뇌 배우들의 구멍없는 연기력 너무 다 좋았다. 감독도 신은 아니기에 그냥 지금 보이는 현실만 그대로 반영한것뿐 미래까지 선견지명한 영화는 아니라고 생각한다. 너무 깊게빠져 우울해하는 사람들은 없으면한다. "
"818","분노의 질주: 홉스&쇼","10","분노의 질주: 홉스&쇼대사도 재밌고 스케일 오집니다 "
"819","사자","10","사자한국영화가 이런 장르에서도 유치하지 않고 잘 만들었다고 느꼈어요.소재도 신선하고, 선과악의 대립, 내면의 중요성... 많은걸 담은 영화였습니다. "
"820","오렌지 이즈 더 뉴 블랙 1","7","오렌지 이즈 더 뉴 블랙 1진심 질렌할이 여장한줄. "
"821","분노의 질주: 홉스&쇼","1","분노의 질주: 홉스&쇼어디서 본 장면들 모두모두 모아서 오그라들게 만들고 대사는 어디 쌍팔년도 영화에서도 안 나올 것 같은...개 오글...그렇다고 액션이 끝내주는 것도 아니고 자동차 광고 잘 봤슴당...마지막에 갑자기 분위기 릴로와 스티치... "
"822","봉오동 전투","10","봉오동 전투대박..많이들 봤으면 좋겠다 "
"823","분노의 질주: 홉스&쇼","7","분노의 질주: 홉스&쇼액션씬 멋집니다...근데 다른 장면들이 몰입감이 떨어져서...그냥 딱 멋진 추격전 액션만 생각하신다면 보세요^^;;; 다른 장면들 좀 잘라도 될뻔~길어ㅜㅜ "
"824","암전","1","암전롤 감전 3타터지는게 이거보다 더무섭겠다영화값 여자친구랑 나랑 2명=24000짜장면 탕수육 세트가능 피시방 24시간 가능아진짜 개화나요 보지마세요 "
"825","보물성","10","보물성와 이영화 못찾고있다가 겨우 찾았어요 진짜 이름을몰라서 헤메다가 찾음 "
"826","월-E","10","월-E내 인생 영화. 애니메이션이라고 무시하면 큰코 다칠 작품. "
"827","나랏말싸미","1","나랏말싸미내 돈이랑 시간이 박살남. "
"828","끝까지 간다","10","끝까지 간다한국영화중 단연 최고작품. 끝까지 긴장감을 놓을수 없으며 이 작품 이후 이만한 작품이 나올까 싶다진짜 "
"829","애나벨: 인형의 주인","10","애나벨: 인형의 주인같이 보던 친구새끼가 연신 내 팔 붙잡고 고개 처박고 있다가 잠깐 고개 들 때 손전등으로 찍는 거에서 터지고 다시 처박더니 별거 아니었네ㅎ 이러더라.. 너 그 장면에서만 고개 처든 거잖아, 시끼야.. 참고로 애나벨 우습게 봣었는데 겁나 셌음.. "
"830","봉오동 전투","10","봉오동 전투진짜 내가 이렇게 댓글을 쓸수있는 ,, 아니 내가 이세상에 존재하는 이유는 ,, 정말 감사하다 "
"831","극장판 오소마츠 6쌍둥이","10","극장판 오소마츠 6쌍둥이진짜재밌는데!!!왜시간대가없는거야 ㅠㅠㅋㅋ 그리고 유튜브든 인터넷이든 유료로 빨리올려주세여 저 다른건몰라도 이거는 돈주고살 의향 충분히 있고요 !!!없었으면 이렇게까지 기다리지않습니다 언제쯤나올까요 ㅋㅋㅋㅋ 친구랑 또보고싶어요 ㅠㅠㅠ 저 살려주세여 "
"832","분노의 질주: 홉스&쇼","10","분노의 질주: 홉스&쇼강호동 없는 1박2일 이수근이 캐리하는거 처럼 ..ㅋㅋㅋㅋ 진짜 하.. 다음 시리즈는 멤버 다나와.. 가즈아!!! "
"833","미쓰 와이프","10","미쓰 와이프생각 못하고 봤는데 너무 재밌었고 죽기 전 엄정화처럼 살고있는 지금의 나에게 생각의 변화를 준영화다... "
"834","엑시트","10","엑시트미쳤다.... 올해에본 영화중에서 제일재미있었어요 윤아 아이돌이맞나싶을정도로잘했고 조정석은 두말하면 잔리기가아닌가싶네요 소재도 너무신선했고 클라이밍의 중요성이보였어요 꼭 강력추천드리고 꼭보세요 두번보세요 세번보세요!@!@!@ 보는내내진땀이계속나네요!! "
"835","안녕, 티라노: 영원히, 함께","10","안녕, 티라노: 영원히, 함께영화가 끝나자앞자리에서 나온 말.        ‘또 보고 싶다’ ㅎㅎㅎ. 우리 애도 할머니랑 또 보러 갈거라네요^^ "
"836","분노의 질주: 홉스&쇼","10","분노의 질주: 홉스&쇼역시 분노의 질주 시리즈 "
"837","봉오동 전투","2","봉오동 전투오글거리고 쪽팔립니다 돈아까워요 "
"838","봉오동 전투","1","봉오동 전투이승만 한명보다도 못한 국제사회에서 알아주지도 못한 우물안 독립운동가들 "
"839","사자","4","사자서준씨 왜그랫어 기대가 넘 컷어 "
"840","엑시트","10","엑시트재밌었어염~~웃겨ㅋㅋㅋㅋ "
"841","봉오동 전투","10","봉오동 전투꼭 봐야하는 영화입니다 "
"842","엑시트","10","엑시트굉장히 신선한 소재라서 재미있게봤습니다.영화 미스트를 닮았지만 웃음이 있고중간에 나오는 크리에이터들도 감초 역할 톡톡히 하고있네요.감독님이 아마도 플스게임 언챠티드 팬이신듯 "
"843","설국열차","8","설국열차후반부만 빼면 최고였다 "
"844","봉오동 전투","10","봉오동 전투재미로봤다가 감동얻어가요..지금의 나라가 독립군에의해 존재한다는걸 감사하게 여겨야겠어요ㅜ "
"845","기생충","10","기생충왜 이제봣을까. 넘 재밌다 "
"846","봉오동 전투","10","봉오동 전투독립운동가후손인게자랑스럽습니다 "
"847","분노의 질주: 홉스&쇼","10","분노의 질주: 홉스&쇼김장감 넘치는 쫄깃한 액션씬 잘봤습니다! 안봤으면후회할뻔했네요 "
"848","봉오동 전투","10","봉오동 전투다 끝나고나니 그냥 눈물이 흘렀습니다. 저항의 역사다라는 우리의 인식이 가장 크게 와닿았던것 같아요. 물론 극적인 요소가 많이 들어갔고 너무나 적나라하게 표현되었지만 우리는 필요이상의 무력이 아닌 방어, 지키려고 했던 마음이 너무 와닿았습니다. "
"849","봉오동 전투","10","봉오동 전투와 꼭 보세요 2번보세요 ㅠㅠㅠ "
"850","엑시트","10","엑시트재밌네요몰입도있습니다 "
"851","아이 엠 마더","2","아이 엠 마더유치 유치 유치 유치 유치 "
"852","나랏말싸미","8","나랏말싸미왜곡이다 뭐다 평소엔 별관심도 없는것들이댓글알바가 왜 여기서 일을 하는건가..? "
"853","봉오동 전투","10","봉오동 전투독립운동가 분들  너무 존경합니다 "
"854","최종병기 활","7","최종병기 활인조가 나라 망치고 한편으로는 활 잘쏘고 있었네 ㅋ "
"855","인 타임","10","인 타임나의 청소년 시절 최고의 영화. "
"856","엑시트","10","엑시트와우와우와우쩐다개쩔어남친이랑 손안잡고 본 영화는 처음이야손에 땀 터지는영화^^ "
"857","분노의 질주: 홉스&쇼","10","분노의 질주: 홉스&쇼굿최고입니다 웃다나옴 "
"858","봉오동 전투","10","봉오동 전투가장 의미있는 광복절을 보냈다. 잊지 않겠습니다. 감사합니다~!! "
"859","봉오동 전투","10","봉오동 전투잊고있던 애국심을 끓어오르게 해준 영화 "
"860","분노의 질주: 홉스&쇼","5","분노의 질주: 홉스&쇼제이슨과 바네샤본걸로 조금 위안이되네요월래  분노의질주 시리즈광팬으로서 이번편은 조금아쉬운점이  너무실망스럽네요 ㅋㅋ "
"861","기생충","9","기생충초반 유쾌한 분위기가 갑자기 급반전 비극으로  휘몰아침 "
"862","롱 샷","10","롱 샷재밋습니다 한번보세요 "
"863","오아시스","10","오아시스대한민국에서 이런 영화가 나왔다는게 자랑스러울 정도네요.. 역시 이창동 감독님 "
"864","봉오동 전투","10","봉오동 전투꼭 보세요.. 역사 영화 중 가장 인상깊습니다 "
"865","봉오동 전투","10","봉오동 전투과거를 기억해야 한다 ! "
"866","꾼","10","꾼꾼 재밌음 ㅋㅋ 현빈 황지성 역할연기 잘했음! 진짜 사기꾼인줄 알았네... 이렇게 바르고 잘생긴 사람이 사기꾼이면 누구라도 속을듯ㅋ "
"867","협상","10","협상현빈 악역 연기 너무잘한다. 민태구역 연기 굿! 현빈퇴폐미 악역 연기 최고! "
"868","봉오동 전투","10","봉오동 전투친일파후손들은 떵떵 거리며 잘살지만, 독립군후손들은 아직 마땅한 대우를 받지 못하는 분이 많다고 합니다. "
"869","창궐","10","창궐현빈 하얀도포 액션 왜이리 멋짐? 현빈 봐도 봐도 멋있네ㅋㅋ 좀비들과 싸우는데 대박 신남! 꿀잼! 현빈 때문에 10점 "
"870","봉오동 전투","10","봉오동 전투이 영화 덕분에 뜻깊은 광복절을 보내서 다행이란 생각이 든다. 그냥 휴일로만 지내진 않은듯 하여... "
"871","분노의 질주: 홉스&쇼","10","분노의 질주: 홉스&쇼와칸다뽀에버ㅋㅋ형제애 "
"872","밀정","10","밀정평점이 왜이리 낮지?진짜 잘만든 느와르같은데..토왜들의 평점테러인가 "
"873","브링 더 소울 : 더 무비","10","브링 더 소울 : 더 무비3번 봤어요 진짜 최고에요 "
"874","범죄도시","9","범죄도시2 만들지마라 써글 그 악역도 중요 장첸이라는 신캐릭 캐릭하나하나 숨쉼 스포할 필요없이 누가 이기는지 아는 영화 "
"875","봉오동 전투","10","봉오동 전투감사합니다. 고맙습니다. "
"876","엑시트","10","엑시트배워가는것도 있고 스토리도 진짜 참신하게 잘 풀어가서 영화한편 보는데 이렇게 뿌듯한적은 오랜만이네요ㅎ "
"877","봉오동 전투","10","봉오동 전투홍범도 장군의 등장에서 한번 더 깜짝 놀맀습니다. "
"878","레지던트 이블","5","레지던트 이블당시에는 대단했을 지 몰라도 지금의 기준으로 봤을 때 심하게 촌스러움.. 여러모로.. "
"879","뽀로로 극장판 보물섬 대모험","8","뽀로로 극장판 보물섬 대모험아이가  좋아해요  ~^^ "
"880","분노의 질주: 홉스&쇼","10","분노의 질주: 홉스&쇼빵빵 터지는 초특급 액션 버라이어티!! "
"881","분노의 질주: 홉스&쇼","10","분노의 질주: 홉스&쇼너무 잼써요!! ㅇ체고 "
"882","엑시트","10","엑시트코믹스럽고    가족모두  재미있게 관람했습니다 "
"883","분노의 질주: 홉스&쇼","10","분노의 질주: 홉스&쇼크... 극한의 액션 잘 봤습니다. "
"884","이타미 준의 바다","10","이타미 준의 바다보는 내내 울었다 어둠과 빛, 고독함과 애정, 그를 그리워하는 주변인들의 아련함, 모든 것이 벅차게 좋았다 "
"885","분노의 질주: 홉스&쇼","10","분노의 질주: 홉스&쇼이런건 정말 띵작이다! 무조건 추천합니다 "
"886","죽여주는 여자","10","죽여주는 여자언제쯤 안락사를 허용하려나...의미없고 힘없고 죽을날만 기다리는 아픈 인생들을 편히 보내주지도 못하는.... "
"887","눈길","10","눈길다루기 쉽지않은 소재인데,이렇게나 잘 만들어주셔서 감사합니다. 할머님들의 마음을 가장 잘 표현한 영화가 아닐까 생각합니다. "
"888","행복한 라짜로","10","행복한 라짜로아름다움 먹먹함 그리고 부끄러움 "
"889","기생충","10","기생충안타깝네요..이걸 단순 오락영화로만 생각하시고 보신다니.. "
"890","마이펫의 이중생활2","10","마이펫의 이중생활2솔직히 일도 기대 없었는데 애랑 같이 엄청 웃다 나옴  귀여우려구 작정함 다 너무 사랑스러워 잔재미가 아주 그냥 "
"891","스파이더맨: 파 프롬 홈","1","스파이더맨: 파 프롬 홈질렌할이 다했다ㅉ 톰 개노잼 "
"892","엑시트","10","엑시트처음에는 말도 안되고 비현실적이라 망작삘이었는데... B급 느낌이 재밌다가 점점 빠져드네 "
"893","서스페리아","8","서스페리아몰입해서 보긴 했지만, 너무 난해하고 불친절한 영화였다. 기괴하고 미스테리한 분위기는 맘에 든다. 특히, 엔딩 퍼포먼스가 충격적. "
"894","타인의 삶","10","타인의 삶마지막 10분은 숨이 턱 막힌다. 미쳤다. "
"895","봉오동 전투","10","봉오동 전투너무가슴아픈 우리 역사 잊지맙시다.배우들 연기도 좋았고 제작하신 여러분들께 감사를.. "
"896","봉오동 전투","10","봉오동 전투기억하겠습니다... "
"897","배심원들","4","배심원들풀어나가는 과정이 너무 가벼워서 별루다. 재미도 없다. "
"898","분노의 질주: 홉스&쇼","8","분노의 질주: 홉스&쇼내가 알던 분노의 질주는 범죄액션영화인데 갑자기 마블영화가 되어버렸누 "
"899","봉오동 전투","10","봉오동 전투울컥 눈물도 나고 고구마 없어 좋아요 "
"900","밀정","8","밀정너무 재밌어요.~~ 공유도 너무 연기잘하고 다들 연기잘해서 몰입도잘되고 재밋네요 "
"901","고질라: 킹 오브 몬스터","7","고질라: 킹 오브 몬스터괴수들 등장하는 장면들은 볼만함. 내용은 정말 황당하구만 ㅋㅋ "
"902","분노의 질주: 홉스&쇼","8","분노의 질주: 홉스&쇼분노의 질주 같지 않았어요 ㅜㅜ "
"903","말모이","10","말모이광복절에 보니 더 애틋하네요~좋은 영화 잘 봤어요~~ "
"904","봉오동 전투","1","봉오동 전투한국영화의 미래를 볼 수 있었습니다. "
"905","스파이더맨: 파 프롬 홈","10","스파이더맨: 파 프롬 홈굿 재밌어요 귀여워여 스파이더맨 "
"906","분노의 질주: 홉스&쇼","10","분노의 질주: 홉스&쇼유노낫띵 홉 스노우~~ "
"907","분노의 질주: 더 세븐","10","분노의 질주: 더 세븐이보다 더 잘만든엔딩은 없을꺼다. "
"908","분노의 질주: 홉스&쇼","6","분노의 질주: 홉스&쇼댓글 알바인가봐여.. 식상하고 분노의질주 시리즈 안같앗어요.. "
"909","알리타: 배틀 엔젤","10","알리타: 배틀 엔젤너무재미있고 가슴이 울렸어요 "
"910","분노의 질주: 홉스&쇼","10","분노의 질주: 홉스&쇼재밌어여ㅠㅠ유머 있어용 "
"911","나랏말싸미","1","나랏말싸미좀 별로;; 스님이 자기가 역적에 아들이라고 그러고 옆에 황후는 역적에 딸이라고 어이없는 스토리임 영화들을 대부분 재밌게 보는사람 조차 눈살을 찡그리고 저게 왜지?? 이런느낌으로 봄 그래도 이런방향도 생각하는 사람이 있구나 라는 생각을 하게됨 "
"912","걸캅스","1","걸캅스웬만하면 영화 다 재밌게 보는 편인데 진짜 이렇게 재미없는 영화 처음본다 영화 내용이 너무 허접함 이런 영화를 왜 돈주고 만들지 이해가 안간다 너무 재미없어서 평점쓰러 들어온것도 처음이다 "
"913","엑시트","10","엑시트언차티드  네이트 보는듯한ㅎㅎ시간가는줄 모르고 봤어요 "
"914","몽타주","7","몽타주다른 건 다 그렇다고 해도.. 존속살인 이라니.. 그냥 살인 이지.. "
"915","암전","10","암전평점 1, 2대는 댓글 알바 백퍼 내가 봤던 공포영화중에 탑인데 댓글알바가 너무 많아 속상해서 글쓴다ㅜ 곧 개봉하는 변신쪽 댓글알바가 여기서 판치는듯 서예지 목소리가 공포영화에 딱이였고 같이간 친구가 너무 무서워해서 중간에 나갈뻔한거 잡았다 "
"916","봉오동 전투","10","봉오동 전투감사합니다. 선조님들 "
"917","엑시트","10","엑시트연기도 좋고 스토리도 짜임새있고 웃음도 있고 재있게 봤습니다. "
"918","분노의 질주: 홉스&쇼","10","분노의 질주: 홉스&쇼그냥 닥치고 지금 극장에선 이 영화만 보면됨. 두번 보고 세번 보세요^~^ "
"919","분노의 질주: 홉스&쇼","4","분노의 질주: 홉스&쇼원래 분노의질주보다 많이갓네..진짜 기대하구갓는데 어벤져스도아니고 트렌스포터도아니고 하.ㅋ "
"920","사자","10","사자스토리는 정말 좋은데 피를 보지 못 해서 볼수가 없다.사제가 진짜 기대되는 영화다 "
"921","봉오동 전투","10","봉오동 전투국뽕이라 보는 줄 알았더니 역사영화 아니고 존잼이었다 드웨인존슨보다 멸치 칼잡이아저씨가 멋있었다 "
"922","봉오동 전투","10","봉오동 전투대한민국 국민이라면 모두가 봐야할 영화 "
"923","캡틴 마블","8","캡틴 마블킬링타임용으로 볼만합니다 "
"924","청년경찰","4","청년경찰연기합은 좋은데.. 중심 소재를 그렇게밖에 못했나....  웃을 수도 안웃을 수도 없는 웃픈 영화 "
"925","진범","9","진범진짜 제 목숨걸고 이런 거 처음써봅니다. 원체 영화볼때 그냥 멍 때리면서 별 생각없이 봐서 그런지 전 너무 재밌게 봤어요. 낮은 평점 많아서 개인적으로 너무 아쉬워서 남겨요. 이 영화 만들어주셔서 감사합니다. "
"926","살인의 추억","10","살인의 추억살인도 살인자에겐 추억으로남을수있다 이해한다 "
"927","라이온 킹","8","라이온 킹디즈니 창조의 힘은 언제나 감탄하게 됩니다 "
"928","봉오동 전투","8","봉오동 전투초반 조금 지루한 면이 있었습니다만 마지막에는 흥미있었네요 "
"929","봉오동 전투","10","봉오동 전투방금 보구왔어요ㅜㅜ 누구나 독립군이 될수있단말 넘 와닿았어요ㅜ 불매운동이라도 열심히 해야겠어요ㅜㅜ "
"930","비스트","1","비스트보다 보다 이런 쓰레기같은 영화까지 다 보다니...뭔가  우리 정서에 맞지 않는 그런  스토리다 했더니..아니나 다를까  무슨  남미쪽 영화  리메이크 한거네...개  쓰렉이  영화.. "
"931","브링 더 소울 : 더 무비","10","브링 더 소울 : 더 무비역시 달콤한 청년들... 영화 편집 좋았어요 "
"932","4월 이야기","10","4월 이야기이영화를 지금보다니 빠르게 그려나가는 수체화를 보는것같다 "
"933","해무","10","해무개잼있던데 왜이래평점 "
"934","소스 코드","1","소스 코드7.5가 적당한 평점으로 생각된다. "
"935","엑시트","8","엑시트시간가는줄 모르고 봄 스릴감 짱! "
"936","봉오동 전투","10","봉오동 전투대단해요.. 존경합니다 독립군들ㅠ "
"937","봉오동 전투","10","봉오동 전투영화시작부터 끝날때까지 눈을뗄수가없었어요끝나고나서도 그 여운이가시지않아 한참을 멍하니있엇나봐요다시 한번더 보고싶어요정말 대단한 영화에요 "
"938","봉오동 전투","8","봉오동 전투나라가 힘 있어야 하는 이유를 처절하게 보여준다 "
"939","존 윅 3: 파라벨룸","8","존 윅 3: 파라벨룸동작이 합을 맞춘게 너무 티가난다. 느려느려. 그리고 후반부에 킬러들이 존 살려주는거 뭐임? 코미디영화임? "
"940","분노의 질주: 홉스&쇼","10","분노의 질주: 홉스&쇼박사가 펜타킬 하고 데스하는 영화 "
"941","캡틴 마블","9","캡틴 마블재밌게 봤는데.. 너무 쌔다 ㅎ  어벤져스 캐릭터 밸런스가 붕괴된 느낌이 든다. "
"942","나랏말싸미","1","나랏말싸미역사왜곡은 둘째치고 영화가 재미도 없고 보고있으면 세종이 거의 호구수준으로 나옴 아무리 그래도 왕인데.. 광해를 한번 더 보는게 감동적이겠다 "
"943","고질라: 킹 오브 몬스터","6","고질라: 킹 오브 몬스터미친년 하나 때문에 몇 명이 죽는거냐 ㅋㅋㅋ 히틀러는 명함도 못내밀겠네 "
"944","봉오동 전투","10","봉오동 전투좋은 영화감사합니다  이영화꼭보세요 ㅠㅠ "
"945","봉오동 전투","10","봉오동 전투대한민국만세. 독립운동가분들 정말 감사드립니다. "
"946","애나벨 집으로","2","애나벨 집으로연출 진짜 촌스럽다... 에버랜드 귀신의 집이 더무섭겠다 "
"947","분노의 질주: 홉스&쇼","8","분노의 질주: 홉스&쇼여배우언니 너무 이뻐요. "
"948","대립군","1","대립군노잼. 더 쓸 가치도 없는 영화. "
"949","저스티스 리그","5","저스티스 리그어떻게든 크리스찬베일을 섭외했어야한다. 어거지로라도. 이건 진짜 안하느니만 못한거다ㅜㅜ 그냥 b급이 돼버리는거.. "
"950","분노의 질주: 홉스&쇼","10","분노의 질주: 홉스&쇼집중해서보고왔는데 여주밖에생각안남.. "
"951","봉오동 전투","10","봉오동 전투적을 향해 쏟아붓는 총알 세례에 너무나 많은 설움과 절실함이 느껴져 자꾸만 눈물이 나요.오늘도 당연하듯 밟고있는 이 땅이 절대 당연한 것이 아닌데 감사함을 자꾸만 잊는 자신이 부끄러웠습니다.귀한 우리 땅의 소중함 오래도록 지키겠습니다. "
"952","분노의 질주: 홉스&쇼","10","분노의 질주: 홉스&쇼진짜 시간가는줄 모르고봣어욘 "
"953","봉오동 전투","10","봉오동 전투좋은영화였어요. 감사한마음으로 보았습니다. "
"954","그린 북","7","그린 북끝나고 난 후에도 쉽게 일어날 수 없는 영화 "
"955","화이 : 괴물을 삼킨 아이","2","화이 : 괴물을 삼킨 아이잔인한 개실망.... "
"956","기생충","1","기생충참 신기하다 한국에서 흥행한 영화들은 대부분 기승전신파다. 밑바닥의 삶을 그리며 그것에 나를 투영해야만 아 좋은 영화인가? 라고 반문해야한다. 그렇지 않은 자들은 이 영화에서 무얼 느꼈어야 할까? 그래서 무언가 있겠거니 하고 받았나 보다. 상을 "
"957","나랏말싸미","1","나랏말싸미화가 나네.. 이게 무슨 평점이 6점을 넘네 "
"958","엑시트","10","엑시트이것만 기억하세요 따땃따 따-따-따 따땃따 "
"959","봉오동 전투","1","봉오동 전투언제까지 일본=나쁜놈 영화만 나올 것인가.. 광복절용 표팔이 영화 "
"960","엑시트","10","엑시트또 보러 갑니다. 재미있었어요 "
"961","기억의 밤","10","기억의 밤아무기대 안하고 휴가라 본건데 너무 재밌고 시간가는줄 모르고 봄 김무열 너무 멋있응 "
"962","라이프 오브 파이","10","라이프 오브 파이영화의 중반부까지는 영화제작자들이 보여주고자 담은 묘하고 신비한 영상미를 한껏 즐겼으면 한다. 인스타그램에서도 유명한 유투버의 영상 속에서도 볼 수 없는 이 영화만의 환상에 흠뻑 취하기를 권유한다. 그리고 후반부에서는 짜릿한 전율을 느껴라. "
"963","봉오동 전투","10","봉오동 전투강추! 강추!! 안봤으면 이 영화를 보세요! "
"964","안녕, 티라노: 영원히, 함께","2","안녕, 티라노: 영원히, 함께생각보다 높은 평점이네요영화보고 처음으로 평점 남겨요높은 평점에 ㅠ화면은 굳이 영화관에서 보지 않아도옆의 부모님은  아이의 눈을 가리기도하는 장면도 나오고스토리는 어느 연령층에 맞춘건지 책을 끌어다 놓고 장황하게 포장된 교훈 쓸데없는 재미 "
"965","나랏말싸미","5","나랏말싸미영화는 영화일 뿐이고, 역사 왜곡은 상관 없지만 재미가 없다. "
"966","봉오동 전투","10","봉오동 전투광복절 15일에 보고 왔습니다 제 인생영화가 바뀐 느낌이랄까요ㅎㅎ첨에 류준열 나올 때와 마지막 전투씬은 최고가 아니였나 싶네요 보는 내내 소름 돋았고 멋졌어요 유해진 류준열의 연기가 진짜.. 그리고 개똥이는 이번에 내 사랑 됐습니다 봉오동 전투 최고 "
"967","존 윅 3: 파라벨룸","4","존 윅 3: 파라벨룸더 울버린 본것같네요  존윅 1,2 정말 재밌게봤고 만족했는데 이번 영화는 마지막 다음편 예고 장면 빼고는 정말 실망이 컸습니다 정말 아쉽네요 일본좀 섞지 않으셨으면 좋겠습니다 "
"968","나랏말싸미","1","나랏말싸미심각한 역사왜곡을 하는데 저걸 교육영화라 착각하고 주장하는 사람나올까봐 무섭다. "
"969","분노의 질주: 홉스&쇼","2","분노의 질주: 홉스&쇼한개도 아깝다 졸았음 너무 재미 없음 "
"970","분노의 질주: 홉스&쇼","6","분노의 질주: 홉스&쇼갑분모아나ㅎㅎ 시간때우기좋음 "
"971","강남 1970","10","강남 1970크으 남자라면 이영화 무조건봐야된다 "
"972","분노의 질주: 홉스&쇼","9","분노의 질주: 홉스&쇼자동차액션신은 가히 손꼽을만큼 멋있네요 "
"973","어린 의뢰인","10","어린 의뢰인애는무슨죄냐 진짜ㅋ 에휴 "
"974","무수단","10","무수단재밌는데  그냥 시간때우기 용으로좋아요  내용도 나름 재미있고 "
"975","봉오동 전투","10","봉오동 전투모든 독립운동가분들께 진심으로 감사합니다 고맙습니다 "
"976","어린 의뢰인","10","어린 의뢰인라디오에서 유선씨가 영화찍는 내내 계속 울며 힘들었다고 말했던이유...대한민국에서 이런일들이 벌어지는게 챙피해지는 순간이네요! "
"977","봉오동 전투","10","봉오동 전투영화 진짜 멋지게 만들었네.... "
"978","봉오동 전투","10","봉오동 전투감동입니다 존경스럽습니다 "
"979","안녕, 티라노: 영원히, 함께","10","안녕, 티라노: 영원히, 함께굿다이노인가요??? "
"980","분노의 질주: 홉스&쇼","6","분노의 질주: 홉스&쇼분노의주먹인가... "
"981","암전","10","암전무섭고 잔인한 장면이 많아서 많이 놀랐어요 "
"982","알라딘","10","알라딘Naomi Scott,who played princess Jasmine was  totally amazing.She was beautiful in the movie.She played so well and sang really well. "
"983","봉오동 전투","10","봉오동 전투왜놈들은 절대 용서가 안된다. 누구든 왜놈들 물건사고, 왜국에 여행간다면 그건 바로 이적행위이자 매국행위다.영화가 왜놈들의 잔악성을 많이 순화한 것 같아 아쉽다. "
"984","분노의 질주: 홉스&쇼","5","분노의 질주: 홉스&쇼분노의 질주 전편 다 봐왔던 사람입니다. 3편까지는 스토리가 있고, 자동차영화의 의미가 있었는데, 조금씩 스토리가 약해지더니, 이번에는 더 심하네요. 트랜스포머+지아이죠+아이언맨 섞어놨다고 보시면 됩니다. 솔직히 뺑반보다 스토리가 약해요 ㅜㅜ "
"985","나랏말싸미","1","나랏말싸미사극 좋아해서 많이봤는데 이런걸 훼손하는 건 못봤다 어휴 ㅉㅉ 감독님아 누구덕에 지금 한글쓰고 편하게 살고 있으신데? 참:; 그리고 왜 이영화한테만 그러냐고 쉴드치는 애들은 머가리가 빈건가? 다른영화가 어디 우리나라 위인 업적을 훼손하디? 머리장식인가 "
"986","봉오동 전투","10","봉오동 전투8.15에 잘 봤습니다 꼭 보세요 "
"987","말모이","10","말모이우리의 얼을 지켜주셔서 감사합니다 "
"988","암전","2","암전서예지 팬이라서 봤는데 그게 다임..ㅋㅋㅋ 정말 팬이라서 봤다.. 공포영화래서 쫄아서 갔는데 투자자들만 쫄렸을듯 ㅋㅋㅋ "
"989","봉오동 전투","10","봉오동 전투독립운동을 하셨던 모든 분들께 다시  한 번 감사드립니다. "
"990","봉오동 전투","10","봉오동 전투독립운동가분들 감사합니다.배우분들의 열연도 좋았고 적은 제작비에도 불구하고 전투신들 모두 긴장감넘치고 좋았습니다 "
"991","나랏말싸미","8","나랏말싸미ㅋㅋ 정말 웃긴 게 영화대로라도 세종이 직접 만든 거 아님? 이 영화를 보고 세종이 아니라 스님이 만들었다고 하는 사고가 더 웃긴다..그럼 뭐 아이팟도 잡스가 만든 게 아닌 건가? ㅋㅋ "
"992","헌터 킬러","10","헌터 킬러미필이 추천한 군필이 인정한 영화입니다 "
"993","봉오동 전투","10","봉오동 전투스릴 있고 재밌고 당시를 상상하며 몰입해 봣네요 "
"994","봉이 김선달","10","봉이 김선달한국영화 이정도면 합격이요! "
"995","나랏말싸미","1","나랏말싸미에라이~~~카퉤!!!! "
"996","검사외전","8","검사외전볼만함! 강동원 댄스 작살~ㅋㅋ "
"997","미져리","10","미져리연기력 하나만으로도 이런 스릴이. "
"998","알라딘","10","알라딘아름다운 여주에 동화같은 영상~ ost도 넘 좋았습니다 "
"999","봉오동 전투","1","봉오동 전투재미없습니다.후.. "
"1000","결혼 피로연","10","결혼 피로연최애 영화 리스트에다 집어넣었습니다 "
